taxis,Iarray,Varray
0,0,0
0.001,0,0
0.002,0,0
0.003,0,0
0.004,0,0
0.005,0,0
0.006,0,0
0.007,0,0
0.008,0,0
0.009,0,0
0.01,0,0
0.011,0,0
0.012,0,0
0.013,0,0
0.014,0,0
0.015,0,0
0.016,0,0
0.017,0,0
0.018,0,0
0.019,0,0
0.02,0,0
0.021,0,0
0.022,0,0
0.023,0,0
0.024,0,0
0.025,0,0
0.026,0,0
0.027,0,0
0.028,0,0
0.029,0,0
0.03,0,0
0.031,0,0
0.032,0,0
0.033,0,0
0.034,0,0
0.035,0,0
0.036,0,0
0.037,0,0
0.038,0,0
0.039,0,0
0.04,0,0
0.041,0,0
0.042,0,0
0.043,0,0
0.044,0,0
0.045,0,0
0.046,0,0
0.047,0,0
0.048,0,0
0.049,0,0
0.05,0,0
0.051,0,0
0.052,0,0
0.053,0,0
0.054,0,0
0.055,0,0
0.056,0,0
0.057,0,0
0.058,0,0
0.059,0,0
0.06,0,0
0.061,0,0
0.062,0,0
0.063,0,0
0.064,0,0
0.065,0,0
0.066,0,0
0.067,0,0
0.068,0,0
0.069,0,0
0.07,0,0
0.071,0,0
0.072,0,0
0.073,0,0
0.074,0,0
0.075,0,0
0.076,0,0
0.077,0,0
0.078,0,0
0.079,0,0
0.08,0,0
0.081,0,0
0.082,0,0
0.083,0,0
0.084,0,0
0.085,0,0
0.086,0,0
0.087,0,0
0.088,0,0
0.089,0,0
0.09,0,0
0.091,0,0
0.092,0,0
0.093,0,0
0.094,0,0
0.095,0,0
0.096,0,0
0.097,0,0
0.098,0,0
0.099,0,0
0.1,0,0
0.101,0,0
0.102,0,0
0.103,0,0
0.104,0,0
0.105,0,0
0.106,0,0
0.107,0,0
0.108,0,0
0.109,0,0
0.11,0,0
0.111,0,0
0.112,0,0
0.113,0,0
0.114,0,0
0.115,0,0
0.116,0,0
0.117,0,0
0.118,0,0
0.119,0,0
0.12,0,0
0.121,0,0
0.122,0,0
0.123,0,0
0.124,0,0
0.125,0,0
0.126,0,0
0.127,0,0
0.128,0,0
0.129,0,0
0.13,0,0
0.131,0,0
0.132,0,0
0.133,0,0
0.134,0,0
0.135,0,0
0.136,0,0
0.137,0,0
0.138,0,0
0.139,0,0
0.14,0,0
0.141,0,0
0.142,0,0
0.143,0,0
0.144,0,0
0.145,0,0
0.146,0,0
0.147,0,0
0.148,0,0
0.149,0,0
0.15,0,0
0.151,0,0
0.152,0,0
0.153,0,0
0.154,0,0
0.155,0,0
0.156,0,0
0.157,0,0
0.158,0,0
0.159,0,0
0.16,0,0
0.161,0,0
0.162,0,0
0.163,0,0
0.164,0,0
0.165,0,0
0.166,0,0
0.167,0,0
0.168,0,0
0.169,0,0
0.17,0,0
0.171,0,0
0.172,0,0
0.173,0,0
0.174,0,0
0.175,0,0
0.176,0,0
0.177,0,0
0.178,0,0
0.179,0,0
0.18,0,0
0.181,0,0
0.182,0,0
0.183,0,0
0.184,0,0
0.185,0,0
0.186,0,0
0.187,0,0
0.188,0,0
0.189,0,0
0.19,0,0
0.191,0,0
0.192,0,0
0.193,0,0
0.194,0,0
0.195,0,0
0.196,0,0
0.197,0,0
0.198,0,0
0.199,0,0
0.2,0,0
0.201,0,0
0.202,0,0
0.203,0,0
0.204,0,0
0.205,0,0
0.206,0,0
0.207,0,0
0.208,0,0
0.209,0,0
0.21,0,0
0.211,0,0
0.212,0,0
0.213,0,0
0.214,0,0
0.215,0,0
0.216,0,0
0.217,0,0
0.218,0,0
0.219,0,0
0.22,0,0
0.221,0,0
0.222,0,0
0.223,0,0
0.224,0,0
0.225,0,0
0.226,0,0
0.227,0,0
0.228,0,0
0.229,0,0
0.23,0,0
0.231,0,0
0.232,0,0
0.233,0,0
0.234,0,0
0.235,0,0
0.236,0,0
0.237,0,0
0.238,0,0
0.239,0,0
0.24,0,0
0.241,0,0
0.242,0,0
0.243,0,0
0.244,0,0
0.245,0,0
0.246,0,0
0.247,0,0
0.248,0,0
0.249,0,0
0.25,0,0
0.251,0,0
0.252,0,0
0.253,0,0
0.254,0,0
0.255,0,0
0.256,0,0
0.257,0,0
0.258,0,0
0.259,0,0
0.26,0,0
0.261,0,0
0.262,0,0
0.263,0,0
0.264,0,0
0.265,0,0
0.266,0,0
0.267,0,0
0.268,0,0
0.269,0,0
0.27,0,0
0.271,0,0
0.272,0,0
0.273,0,0
0.274,0,0
0.275,0,0
0.276,0,0
0.277,0,0
0.278,0,0
0.279,0,0
0.28,0,0
0.281,0,0
0.282,0,0
0.283,0,0
0.284,0,0
0.285,0,0
0.286,0,0
0.287,0,0
0.288,0,0
0.289,0,0
0.29,0,0
0.291,0,0
0.292,0,0
0.293,0,0
0.294,0,0
0.295,0,0
0.296,0,0
0.297,0,0
0.298,0,0
0.299,-0.0058076442428029,-5.8076442428029
0.3,-0.0116152884856058,-5.8076442428029
0.301,-0.0174229327284087,-5.8076442428029
0.302,-0.0232305769712116,-5.8076442428029
0.303,-0.0290382212140144,-5.80764424280282
0.304,-0.0348458654568173,-5.8076442428029
0.305,-0.0406535096996202,-5.80764424280289
0.306,-0.0464611539424231,-5.8076442428029
0.307,-0.052268798185226,-5.8076442428029
0.308,-0.0580764424280289,-5.8076442428029
0.309,-0.0638840866708319,-5.80764424280291
0.31,-0.0696917309136348,-5.8076442428029
0.311,-0.0754993751564376,-5.80764424280288
0.312,-0.0813070193992406,-5.80764424280291
0.313,-0.0871146636420435,-5.80764424280288
0.314,-0.0929223078848464,-5.80764424280291
0.315,-0.0987299521276493,-5.80764424280288
0.316,-0.104537596370452,-5.8076442428029
0.317,-0.110345240613255,-5.8076442428029
0.318,-0.116152884856058,-5.80764424280281
0.319,-0.121960529098861,-5.80764424280291
0.32,-0.127768173341664,-5.8076442428029
0.321,-0.133575817584467,-5.80764424280288
0.322,-0.13938346182727,-5.80764424280291
0.323,-0.145191106070072,-5.80764424280288
0.324,-0.150998750312875,-5.80764424280288
0.325,-0.156806394555678,-5.80764424280291
0.326,-0.162614038798481,-5.80764424280291
0.327,-0.168421683041284,-5.80764424280288
0.328,-0.174229327284087,-5.80764424280288
0.329,-0.18003697152689,-5.80764424280291
0.33,-0.185844615769693,-5.80764424280291
0.331,-0.191652260012496,-5.80764424280286
0.332,-0.197459904255299,-5.80764424280291
0.333,-0.203267548498101,-5.80764424280291
0.334,-0.209075192740904,-5.80764424280288
0.335,-0.214882836983707,-5.80764424280288
0.336,-0.22069048122651,-5.80764424280291
0.337,-0.225460272350225,-4.76979112371533
0.338,-0.226644752698911,-1.18448034868587
0.339,-0.227829233047597,-1.18448034868587
0.34,-0.229013713396283,-1.18448034868584
0.341,-0.230198193744969,-1.18448034868587
0.342,-0.231382674093655,-1.18448034868587
0.343,-0.232567154442341,-1.18448034868584
0.344,-0.233751634791027,-1.18448034868587
0.345,-0.234936115139712,-1.18448034868587
0.346,-0.236120595488398,-1.1844803486859
0.347,-0.237305075837084,-1.18448034868584
0.348,-0.23848955618577,-1.18448034868584
0.349,-0.239674036534456,-1.18448034868584
0.35,-0.240858516883142,-1.1844803486859
0.351,-0.242042997231828,-1.18448034868584
0.352,-0.243227477580513,-1.18448034868597
0.353,-0.244411957929199,-1.18448034868584
0.354,-0.245596438277885,-1.1844803486859
0.355,-0.246780918626571,-1.18448034868587
0.356,-0.247965398975257,-1.18448034868584
0.357,-0.249149879323943,-1.18448034868587
0.358,-0.250334359672629,-1.18448034868584
0.359,-0.251518840021315,-1.18448034868584
0.36,-0.25270332037,-1.1844803486859
0.361,-0.253887800718686,-1.1844803486859
0.362,-0.255072281067372,-1.18448034868584
0.363,-0.256256761416058,-1.18448034868584
0.364,-0.257441241764744,-1.1844803486859
0.365,-0.25862572211343,-1.18448034868584
0.366,-0.259810202462116,-1.1844803486859
0.367,-0.260994682810802,-1.18448034868584
0.368,-0.262179163159487,-1.1844803486859
0.369,-0.263363643508173,-1.18448034868584
0.37,-0.264548123856859,-1.18448034868584
0.371,-0.265732604205545,-1.18448034868584
0.372,-0.266917084554231,-1.1844803486859
0.373,-0.268101564902917,-1.1844803486859
0.374,-0.269286045251603,-1.18448034868579
0.375,-0.270470525600288,-1.18448034868584
0.376,-0.272169943787632,-1.6994181873432
0.377,-0.2745013311406,-2.33138735296817
0.378,-0.276832718493568,-2.33138735296812
0.379,-0.279164105846536,-2.33138735296823
0.38,-0.281495493199504,-2.33138735296817
0.381,-0.283826880552472,-2.33138735296812
0.382,-0.286158267905441,-2.33138735296817
0.383,-0.288489655258409,-2.33138735296817
0.384,-0.290821042611377,-2.33138735296812
0.385,-0.293152429964345,-2.33138735296812
0.386,-0.295483817317313,-2.33138735296823
0.387,-0.297815204670281,-2.33138735296812
0.388,-0.30014659202325,-2.33138735296817
0.389,-0.302477979376218,-2.33138735296817
0.39,-0.304809366729186,-2.33138735296812
0.391,-0.307140754082154,-2.33138735296817
0.392,-0.309472141435122,-2.33138735296817
0.393,-0.31180352878809,-2.33138735296812
0.394,-0.314134916141058,-2.33138735296817
0.395,-0.316466303494027,-2.33138735296817
0.396,-0.318797690846995,-2.33138735296817
0.397,-0.321129078199963,-2.33138735296817
0.398,-0.323460465552931,-2.33138735296812
0.399,-0.325791852905899,-2.33138735296812
0.4,-0.328123240258867,-2.33138735296823
0.401,-0.330454627611836,-2.33138735296812
0.402,-0.332786014964804,-2.33138735296817
0.403,-0.335117402317772,-2.33138735296817
0.404,-0.33744878967074,-2.33138735296812
0.405,-0.339780177023708,-2.33138735296817
0.406,-0.342111564376676,-2.33138735296817
0.407,-0.344442951729644,-2.33138735296806
0.408,-0.346774339082613,-2.33138735296817
0.409,-0.349105726435581,-2.33138735296817
0.41,-0.351437113788549,-2.33138735296817
0.411,-0.353768501141517,-2.33138735296812
0.412,-0.356099888494485,-2.33138735296817
0.413,-0.358431275847453,-2.33138735296817
0.414,-0.360762663200421,-2.33138735296812
0.415,-0.363872857825178,-3.11019462475659
0.416,-0.36736065597565,-3.48779815047217
0.417,-0.370848454126122,-3.48779815047231
0.418,-0.374336252276595,-3.48779815047212
0.419,-0.377824050427067,-3.48779815047223
0.42,-0.381311848577539,-3.48779815047212
0.421,-0.384799646728011,-3.48779815047217
0.422,-0.388287444878483,-3.48779815047217
0.423,-0.391775243028955,-3.48779815047217
0.424,-0.395263041179427,-3.48779815047206
0.425,-0.3987508393299,-3.48779815047217
0.426,-0.402238637480372,-3.48779815047217
0.427,-0.405726435630844,-3.48779815047217
0.428,-0.409214233781316,-3.48779815047217
0.429,-0.412702031931788,-3.48779815047212
0.43,-0.41618983008226,-3.48779815047212
0.431,-0.419677628232733,-3.48779815047217
0.432,-0.423165426383205,-3.48779815047217
0.433,-0.426653224533677,-3.48779815047217
0.434,-0.430141022684149,-3.48779815047212
0.435,-0.433628820834621,-3.48779815047217
0.436,-0.437116618985093,-3.48779815047212
0.437,-0.440604417135566,-3.48779815047217
0.438,-0.444092215286038,-3.48779815047201
0.439,-0.44758001343651,-3.48779815047223
0.44,-0.451067811586982,-3.48779815047212
0.441,-0.454555609737454,-3.48779815047212
0.442,-0.458043407887926,-3.48779815047223
0.443,-0.461531206038398,-3.48779815047212
0.444,-0.46501900418887,-3.48779815047212
0.445,-0.468506802339343,-3.48779815047223
0.446,-0.471994600489815,-3.48779815047212
0.447,-0.475482398640287,-3.48779815047212
0.448,-0.478970196790759,-3.48779815047217
0.449,-0.482457994941231,-3.48779815047217
0.45,-0.485945793091703,-3.48779815047212
0.451,-0.489433591242176,-3.48779815047217
0.452,-0.492921389392648,-3.48779815047217
0.453,-0.49640918754312,-3.48779815047212
0.454,-0.499946358105385,-3.53717056226521
0.455,-0.50348913916899,-3.54278106360528
0.456,-0.507031920232596,-3.54278106360539
0.457,-0.510574701296201,-3.54278106360539
0.458,-0.514117482359807,-3.54278106360539
0.459,-0.517660263423412,-3.54278106360528
0.46,-0.521203044487017,-3.54278106360528
0.461,-0.524745825550623,-3.54278106360539
0.462,-0.528288606614228,-3.54278106360528
0.463,-0.531831387677833,-3.54278106360539
0.464,-0.535374168741439,-3.54278106360528
0.465,-0.538916949805044,-3.54278106360539
0.466,-0.542459730868649,-3.54278106360528
0.467,-0.546002511932255,-3.54278106360539
0.468,-0.54954529299586,-3.54278106360539
0.469,-0.553088074059465,-3.54278106360528
0.47,-0.556630855123071,-3.54278106360528
0.471,-0.560173636186676,-3.5427810636055
0.472,-0.563716417250281,-3.54278106360528
0.473,-0.567259198313887,-3.54278106360528
0.474,-0.570801979377492,-3.54278106360539
0.475,-0.574344760441097,-3.54278106360528
0.476,-0.577887541504703,-3.54278106360539
0.477,-0.581430322568308,-3.54278106360528
0.478,-0.584973103631913,-3.54278106360539
0.479,-0.588515884695519,-3.54278106360539
0.48,-0.592058665759124,-3.54278106360548
0.481,-0.595601446822729,-3.54278106360539
0.482,-0.599144227886335,-3.54278106360528
0.483,-0.60268700894994,-3.54278106360539
0.484,-0.606229790013545,-3.54278106360528
0.485,-0.609772571077151,-3.54278106360528
0.486,-0.613315352140756,-3.54278106360539
0.487,-0.616858133204361,-3.54278106360517
0.488,-0.620400914267967,-3.54278106360528
0.489,-0.623943695331572,-3.54278106360539
0.49,-0.627486476395177,-3.54278106360539
0.491,-0.631029257458783,-3.54278106360528
0.492,-0.634299087759718,-3.26983030093497
0.493,-0.635612770928182,-1.31368316846414
0.494,-0.636926454096646,-1.31368316846403
0.495,-0.63824013726511,-1.31368316846403
0.496,-0.639553820433574,-1.31368316846403
0.497,-0.640867503602038,-1.31368316846414
0.498,-0.642181186770502,-1.31368316846414
0.499,-0.643494869938966,-1.31368316846414
0.5,-0.64480855310743,-1.31368316846392
0.501,-0.646122236275894,-1.31368316846414
0.502,-0.647435919444358,-1.31368316846403
0.503,-0.648749602612822,-1.31368316846414
0.504,-0.650063285781286,-1.31368316846403
0.505,-0.651376968949751,-1.31368316846403
0.506,-0.652690652118215,-1.31368316846403
0.507,-0.654004335286679,-1.31368316846414
0.508,-0.655318018455143,-1.31368316846414
0.509,-0.656631701623607,-1.31368316846403
0.51,-0.657945384792071,-1.31368316846403
0.511,-0.659259067960535,-1.31368316846414
0.512,-0.660572751128999,-1.31368316846403
0.513,-0.661886434297463,-1.31368316846403
0.514,-0.663200117465927,-1.31368316846414
0.515,-0.664513800634391,-1.31368316846414
0.516,-0.665827483802855,-1.31368316846403
0.517,-0.667141166971319,-1.31368316846403
0.518,-0.668454850139784,-1.31368316846414
0.519,-0.669768533308248,-1.31368316846403
0.52,-0.671082216476712,-1.31368316846414
0.521,-0.672395899645176,-1.31368316846403
0.522,-0.67370958281364,-1.31368316846403
0.523,-0.675023265982104,-1.31368316846414
0.524,-0.676336949150568,-1.31368316846403
0.525,-0.677650632319032,-1.31368316846414
0.526,-0.678964315487496,-1.31368316846403
0.527,-0.68027799865596,-1.31368316846414
0.528,-0.681591681824424,-1.31368316846403
0.529,-0.682905364992888,-1.31368316846403
0.53,-0.684219048161352,-1.31368316846403
0.531,-0.685793525926519,-1.57447776516672
0.532,-0.687858911167831,-2.06538524131239
0.533,-0.689924296409144,-2.06538524131239
0.534,-0.691989681650456,-2.06538524131239
0.535,-0.694055066891769,-2.06538524131239
0.536,-0.696120452133081,-2.0653852413125
0.537,-0.698185837374394,-2.06538524131239
0.538,-0.700251222615706,-2.0653852413125
0.539,-0.702316607857018,-2.06538524131239
0.54,-0.704381993098331,-2.0653852413125
0.541,-0.706447378339643,-2.06538524131239
0.542,-0.708512763580956,-2.06538524131228
0.543,-0.710578148822268,-2.0653852413125
0.544,-0.712643534063581,-2.0653852413125
0.545,-0.714708919304893,-2.06538524131239
0.546,-0.716774304546205,-2.06538524131239
0.547,-0.718839689787518,-2.06538524131239
0.548,-0.72090507502883,-2.06538524131239
0.549,-0.722970460270143,-2.0653852413125
0.55,-0.725035845511455,-2.06538524131228
0.551,-0.727101230752767,-2.06538524131239
0.552,-0.72916661599408,-2.0653852413125
0.553,-0.731232001235392,-2.06538524131239
0.554,-0.733297386476705,-2.0653852413125
0.555,-0.735362771718017,-2.06538524131239
0.556,-0.73742815695933,-2.06538524131239
0.557,-0.739493542200642,-2.06538524131239
0.558,-0.741558927441954,-2.0653852413125
0.559,-0.743624312683267,-2.06538524131228
0.56,-0.745689697924579,-2.06538524131261
0.561,-0.747755083165892,-2.06538524131228
0.562,-0.749820468407204,-2.0653852413125
0.563,-0.751885853648516,-2.06538524131239
0.564,-0.753951238889829,-2.06538524131239
0.565,-0.756016624131141,-2.0653852413125
0.566,-0.758082009372454,-2.06538524131239
0.567,-0.760147394613766,-2.0653852413125
0.568,-0.762212779855079,-2.06538524131228
0.569,-0.764278165096391,-2.0653852413125
0.57,-0.767858689555165,-3.58052445877355
0.571,-0.772575568427034,-4.71687887186944
0.572,-0.777292447298903,-4.71687887186944
0.573,-0.782009326170773,-4.71687887186944
0.574,-0.786726205042642,-4.71687887186933
0.575,-0.791443083914512,-4.71687887186966
0.576,-0.796159962786381,-4.71687887186933
0.577,-0.800876841658251,-4.71687887186997
0.578,-0.80559372053012,-4.71687887186944
0.579,-0.81031059940199,-4.71687887186944
0.58,-0.815027478273859,-4.71687887186955
0.581,-0.819744357145728,-4.71687887186922
0.582,-0.824461236017598,-4.71687887186966
0.583,-0.829178114889467,-4.71687887186944
0.584,-0.833894993761337,-4.71687887186933
0.585,-0.838611872633206,-4.71687887186944
0.586,-0.843328751505076,-4.71687887186944
0.587,-0.848045630376945,-4.71687887186955
0.588,-0.852762509248815,-4.71687887186944
0.589,-0.857479388120684,-4.71687887186944
0.59,-0.862196266992553,-4.71687887186933
0.591,-0.866913145864423,-4.71687887186955
0.592,-0.871630024736292,-4.71687887186944
0.593,-0.876346903608162,-4.71687887186944
0.594,-0.881063782480031,-4.71687887186944
0.595,-0.885780661351901,-4.71687887186933
0.596,-0.89049754022377,-4.71687887186955
0.597,-0.89521441909564,-4.71687887186944
0.598,-0.899931297967509,-4.71687887186944
0.599,-0.904648176839379,-4.71687887186944
0.6,-0.909365055711248,-4.71687887186933
0.601,-0.914081934583117,-4.71687887186955
0.602,-0.918798813454987,-4.71687887186944
0.603,-0.923515692326856,-4.71687887186944
0.604,-0.928232571198726,-4.71687887186944
0.605,-0.932949450070595,-4.71687887186944
0.606,-0.937666328942465,-4.71687887186944
0.607,-0.942383207814334,-4.71687887186944
0.608,-0.947100086686204,-4.71687887186944
0.609,-0.952491461547812,-5.39137486160801
0.61,-0.958055784099096,-5.56432255128469
0.611,-0.963620106650381,-5.56432255128469
0.612,-0.969184429201666,-5.56432255128458
0.613,-0.97474875175295,-5.56432255128458
0.614,-0.980313074304235,-5.56432255128458
0.615,-0.985877396855519,-5.56432255128447
0.616,-0.991441719406804,-5.56432255128458
0.617,-0.997006041958089,-5.56432255128469
0.618,-1.00257036450937,-5.56432255128458
0.619,-1.00813468706066,-5.56432255128469
0.62,-1.01369900961194,-5.56432255128447
0.621,-1.01926333216323,-5.56432255128469
0.622,-1.02482765471451,-5.56432255128469
0.623,-1.0303919772658,-5.56432255128447
0.624,-1.03595629981708,-5.56432255128491
0.625,-1.04152062236837,-5.56432255128447
0.626,-1.04708494491965,-5.56432255128491
0.627,-1.05264926747093,-5.56432255128447
0.628,-1.05821359002222,-5.56432255128447
0.629,-1.0637779125735,-5.56432255128469
0.63,-1.06934223512479,-5.56432255128469
0.631,-1.07490655767607,-5.56432255128447
0.632,-1.08047088022736,-5.56432255128469
0.633,-1.08603520277864,-5.56432255128469
0.634,-1.09159952532993,-5.56432255128447
0.635,-1.09716384788121,-5.56432255128491
0.636,-1.1027281704325,-5.56432255128447
0.637,-1.10829249298378,-5.56432255128469
0.638,-1.11385681553507,-5.56432255128469
0.639,-1.11942113808635,-5.56432255128469
0.64,-1.12498546063764,-5.56432255128447
0.641,-1.13054978318892,-5.56432255128469
0.642,-1.1361141057402,-5.56432255128447
0.643,-1.14167842829149,-5.56432255128491
0.644,-1.14724275084277,-5.56432255128447
0.645,-1.15280707339406,-5.56432255128447
0.646,-1.15837139594534,-5.56432255128491
0.647,-1.16391809293283,-5.54669698748999
0.648,-1.16861876285819,-4.700669925352
0.649,-1.17331943278354,-4.70066992535223
0.65,-1.17802010270889,-4.700669925352
0.651,-1.18272077263424,-4.700669925352
0.652,-1.18742144255959,-4.70066992535223
0.653,-1.19212211248495,-4.700669925352
0.654,-1.1968227824103,-4.70066992535223
0.655,-1.20152345233565,-4.700669925352
0.656,-1.206224122261,-4.70066992535223
0.657,-1.21092479218635,-4.700669925352
0.658,-1.21562546211171,-4.700669925352
0.659,-1.22032613203706,-4.70066992535223
0.66,-1.22502680196241,-4.70066992535178
0.661,-1.22972747188776,-4.70066992535223
0.662,-1.23442814181311,-4.70066992535223
0.663,-1.23912881173847,-4.700669925352
0.664,-1.24382948166382,-4.700669925352
0.665,-1.24853015158917,-4.700669925352
0.666,-1.25323082151452,-4.70066992535223
0.667,-1.25793149143987,-4.700669925352
0.668,-1.26263216136523,-4.70066992535223
0.669,-1.26733283129058,-4.700669925352
0.67,-1.27203350121593,-4.700669925352
0.671,-1.27673417114128,-4.70066992535223
0.672,-1.28143484106664,-4.700669925352
0.673,-1.28613551099199,-4.700669925352
0.674,-1.29083618091734,-4.70066992535223
0.675,-1.29553685084269,-4.70066992535223
0.676,-1.30023752076804,-4.700669925352
0.677,-1.3049381906934,-4.700669925352
0.678,-1.30963886061875,-4.70066992535178
0.679,-1.3143395305441,-4.700669925352
0.68,-1.31904020046945,-4.70066992535223
0.681,-1.3237408703948,-4.70066992535223
0.682,-1.32844154032016,-4.700669925352
0.683,-1.33314221024551,-4.700669925352
0.684,-1.33784288017086,-4.70066992535223
0.685,-1.34254355009621,-4.700669925352
0.686,-1.34771361826621,-5.17006816999843
0.687,-1.35433099769053,-6.61737942432405
0.688,-1.36094837711486,-6.61737942432405
0.689,-1.36756575653918,-6.61737942432405
0.69,-1.37418313596351,-6.61737942432405
0.691,-1.38080051538783,-6.61737942432427
0.692,-1.38741789481216,-6.61737942432427
0.693,-1.39403527423648,-6.61737942432405
0.694,-1.4006526536608,-6.61737942432405
0.695,-1.40727003308513,-6.61737942432427
0.696,-1.41388741250945,-6.61737942432383
0.697,-1.42050479193378,-6.61737942432427
0.698,-1.4271221713581,-6.61737942432405
0.699,-1.43373955078242,-6.61737942432405
0.7,-1.44035693020675,-6.61737942432405
0.701,-1.44697430963107,-6.61737942432427
0.702,-1.4535916890554,-6.61737942432405
0.703,-1.46020906847972,-6.61737942432405
0.704,-1.46682644790404,-6.61737942432501
0.705,-1.47344382732837,-6.61737942432405
0.706,-1.48006120675269,-6.61737942432405
0.707,-1.48667858617702,-6.61737942432427
0.708,-1.49329596560134,-6.61737942432405
0.709,-1.49991334502567,-6.61737942432405
0.71,-1.50653072444999,-6.61737942432427
0.711,-1.51314810387431,-6.61737942432383
0.712,-1.51976548329864,-6.61737942432427
0.713,-1.52638286272296,-6.61737942432427
0.714,-1.53300024214729,-6.61737942432383
0.715,-1.53961762157161,-6.61737942432405
0.716,-1.54623500099593,-6.61737942432427
0.717,-1.55285238042026,-6.61737942432405
0.718,-1.55946975984458,-6.61737942432405
0.719,-1.56608713926891,-6.61737942432427
0.72,-1.57270451869323,-6.61737942432405
0.721,-1.57932189811755,-6.61737942432405
0.722,-1.58593927754188,-6.61737942432427
0.723,-1.5925566569662,-6.61737942432405
0.724,-1.59917403639053,-6.61737942432427
0.725,-1.60662043991034,-7.44640351981251
0.726,-1.61500400110331,-8.383561192973
0.727,-1.62338756229629,-8.38356119297345
0.728,-1.63177112348926,-8.38356119297323
0.729,-1.64015468468223,-8.38356119297323
0.73,-1.64853824587521,-8.38356119297323
0.731,-1.65692180706818,-8.38356119297323
0.732,-1.66530536826115,-8.38356119297345
0.733,-1.67368892945413,-8.38356119297323
0.734,-1.6820724906471,-8.38356119297345
0.735,-1.69045605184007,-8.38356119297323
0.736,-1.69883961303305,-8.38356119297323
0.737,-1.70722317422602,-8.38356119297323
0.738,-1.71560673541899,-8.38356119297323
0.739,-1.72399029661197,-8.38356119297323
0.74,-1.73237385780494,-8.38356119297323
0.741,-1.74075741899791,-8.38356119297323
0.742,-1.74914098019089,-8.38356119297323
0.743,-1.75752454138386,-8.38356119297367
0.744,-1.76590810257683,-8.383561192973
0.745,-1.7742916637698,-8.38356119297323
0.746,-1.78267522496278,-8.38356119297345
0.747,-1.79105878615575,-8.38356119297323
0.748,-1.79944234734872,-8.38356119297323
0.749,-1.8078259085417,-8.38356119297323
0.75,-1.81620946973467,-8.38356119297323
0.751,-1.82459303092764,-8.38356119297323
0.752,-1.83297659212062,-8.38356119297323
0.753,-1.84136015331359,-8.38356119297345
0.754,-1.84974371450656,-8.38356119297323
0.755,-1.85812727569954,-8.38356119297323
0.756,-1.86651083689251,-8.38356119297345
0.757,-1.87489439808548,-8.38356119297323
0.758,-1.88327795927846,-8.38356119297323
0.759,-1.89166152047143,-8.38356119297323
0.76,-1.9000450816644,-8.38356119297323
0.761,-1.90842864285738,-8.38356119297323
0.762,-1.91681220405035,-8.38356119297323
0.763,-1.92519576524332,-8.38356119297345
0.764,-1.93342307998651,-8.22731474319082
0.765,-1.94158146247245,-8.15838248593414
0.766,-1.94973984495838,-8.15838248593369
0.767,-1.95789822744432,-8.15838248593414
0.768,-1.96605660993025,-8.15838248593369
0.769,-1.97421499241618,-8.15838248593436
0.77,-1.98237337490212,-8.15838248593369
0.771,-1.99053175738805,-8.15838248593392
0.772,-1.99869013987399,-8.15838248593414
0.773,-2.00684852235992,-8.15838248593369
0.774,-2.01500690484585,-8.15838248593436
0.775,-2.02316528733179,-8.15838248593258
0.776,-2.03132366981772,-8.15838248593436
0.777,-2.03948205230366,-8.15838248593392
0.778,-2.04764043478959,-8.15838248593392
0.779,-2.05579881727552,-8.15838248593436
0.78,-2.06395719976146,-8.15838248593347
0.781,-2.07211558224739,-8.15838248593392
0.782,-2.08027396473333,-8.15838248593392
0.783,-2.08843234721926,-8.15838248593436
0.784,-2.09659072970519,-8.15838248593392
0.785,-2.10474911219113,-8.15838248593392
0.786,-2.11290749467706,-8.15838248593392
0.787,-2.121065877163,-8.15838248593392
0.788,-2.12922425964893,-8.15838248593392
0.789,-2.13738264213486,-8.15838248593392
0.79,-2.1455410246208,-8.15838248593436
0.791,-2.15369940710673,-8.15838248593347
0.792,-2.16185778959267,-8.15838248593436
0.793,-2.1700161720786,-8.15838248593392
0.794,-2.17817455456453,-8.15838248593392
0.795,-2.18633293705047,-8.15838248593392
0.796,-2.1944913195364,-8.15838248593392
0.797,-2.20264970202234,-8.15838248593392
0.798,-2.21080808450827,-8.15838248593392
0.799,-2.2189664669942,-8.15838248593436
0.8,-2.22712484948014,-8.15838248593347
0.801,-2.23528323196607,-8.15838248593392
0.802,-2.243441614452,-8.15838248593392
0.803,-2.2531648667971,-9.72325234509429
0.804,-2.26302721868523,-9.86235188813155
0.805,-2.27288957057336,-9.86235188813022
0.806,-2.28275192246149,-9.86235188813155
0.807,-2.29261427434962,-9.86235188813022
0.808,-2.30247662623775,-9.86235188813111
0.809,-2.31233897812588,-9.86235188813066
0.81,-2.32220133001401,-9.86235188813066
0.811,-2.33206368190215,-9.86235188813111
0.812,-2.34192603379028,-9.86235188813066
0.813,-2.35178838567841,-9.86235188813066
0.814,-2.36165073756654,-9.86235188813111
0.815,-2.37151308945467,-9.86235188813111
0.816,-2.3813754413428,-9.86235188813022
0.817,-2.39123779323093,-9.86235188813111
0.818,-2.40110014511906,-9.86235188813111
0.819,-2.41096249700719,-9.86235188813111
0.82,-2.42082484889532,-9.86235188813022
0.821,-2.43068720078345,-9.86235188813066
0.822,-2.44054955267159,-9.86235188813111
0.823,-2.45041190455972,-9.86235188813066
0.824,-2.46027425644785,-9.86235188813111
0.825,-2.47013660833598,-9.86235188813066
0.826,-2.47999896022411,-9.86235188813066
0.827,-2.48986131211224,-9.86235188813111
0.828,-2.49972366400037,-9.86235188813066
0.829,-2.5095860158885,-9.86235188813066
0.83,-2.51944836777663,-9.86235188813111
0.831,-2.52931071966476,-9.86235188813111
0.832,-2.53917307155289,-9.86235188813022
0.833,-2.54903542344102,-9.8623518881322
0.834,-2.55889777532916,-9.86235188813066
0.835,-2.56876012721729,-9.86235188813111
0.836,-2.57862247910542,-9.86235188813066
0.837,-2.58848483099355,-9.86235188813111
0.838,-2.59834718288168,-9.86235188813066
0.839,-2.60820953476981,-9.86235188813066
0.84,-2.61807188665794,-9.86235188813111
0.841,-2.62829183204801,-10.2199453900682
0.842,-2.6406573384497,-12.3655064016925
0.843,-2.65302284485139,-12.3655064016921
0.844,-2.66538835125309,-12.3655064016921
0.845,-2.67775385765478,-12.3655064016925
0.846,-2.69011936405647,-12.3655064016921
0.847,-2.70248487045816,-12.3655064016925
0.848,-2.71485037685985,-12.3655064016921
0.849,-2.72721588326155,-12.3655064016925
0.85,-2.73958138966324,-12.3655064016921
0.851,-2.75194689606493,-12.3655064016925
0.852,-2.76431240246662,-12.3655064016921
0.853,-2.77667790886832,-12.3655064016921
0.854,-2.78904341527001,-12.3655064016925
0.855,-2.8014089216717,-12.3655064016925
0.856,-2.81377442807339,-12.3655064016921
0.857,-2.82613993447509,-12.3655064016921
0.858,-2.83850544087678,-12.3655064016925
0.859,-2.85087094727847,-12.3655064016921
0.86,-2.86323645368016,-12.3655064016925
0.861,-2.87560196008185,-12.3655064016921
0.862,-2.88796746648355,-12.3655064016921
0.863,-2.90033297288524,-12.3655064016925
0.864,-2.91269847928693,-12.3655064016925
0.865,-2.92506398568862,-12.3655064016921
0.866,-2.93742949209032,-12.3655064016925
0.867,-2.94979499849201,-12.3655064016921
0.868,-2.9621605048937,-12.3655064016925
0.869,-2.97452601129539,-12.3655064016921
0.87,-2.98689151769709,-12.3655064016921
0.871,-2.99925702409878,-12.3655064016925
0.872,-3.01162253050047,-12.3655064016921
0.873,-3.02398803690216,-12.3655064016925
0.874,-3.03635354330385,-12.3655064016921
0.875,-3.04871904970555,-12.3655064016925
0.876,-3.06108455610724,-12.3655064016925
0.877,-3.07345006250893,-12.3655064016921
0.878,-3.08581556891062,-12.3655064016921
0.879,-3.09818107531232,-12.3655064016925
0.88,-3.11076960097203,-12.5885256597162
0.881,-3.1237422153539,-12.9726143818685
0.882,-3.13671482973577,-12.9726143818689
0.883,-3.14968744411764,-12.9726143818689
0.884,-3.16266005849951,-12.972614381868
0.885,-3.17563267288138,-12.9726143818689
0.886,-3.18860528726324,-12.9726143818689
0.887,-3.20157790164511,-12.9726143818685
0.888,-3.21455051602698,-12.9726143818689
0.889,-3.22752313040885,-12.9726143818685
0.89,-3.24049574479072,-12.9726143818685
0.891,-3.25346835917259,-12.9726143818694
0.892,-3.26644097355446,-12.9726143818685
0.893,-3.27941358793633,-12.9726143818685
0.894,-3.29238620231819,-12.9726143818685
0.895,-3.30535881670006,-12.9726143818685
0.896,-3.31833143108193,-12.9726143818694
0.897,-3.3313040454638,-12.9726143818685
0.898,-3.34427665984567,-12.9726143818685
0.899,-3.35724927422754,-12.9726143818685
0.9,-3.37022188860941,-12.9726143818694
0.901,-3.38319450299127,-12.9726143818685
0.902,-3.39616711737314,-12.9726143818667
0.903,-3.40913973175501,-12.9726143818694
0.904,-3.42211234613688,-12.9726143818685
0.905,-3.43508496051875,-12.9726143818685
0.906,-3.44805757490062,-12.9726143818689
0.907,-3.46103018928249,-12.9726143818685
0.908,-3.47400280366435,-12.9726143818689
0.909,-3.48697541804622,-12.9726143818685
0.91,-3.49994803242809,-12.9726143818689
0.911,-3.51292064680996,-12.9726143818685
0.912,-3.52589326119183,-12.9726143818689
0.913,-3.5388658755737,-12.9726143818685
0.914,-3.55183848995557,-12.9726143818685
0.915,-3.56481110433743,-12.9726143818689
0.916,-3.5777837187193,-12.9726143818685
0.917,-3.59075633310117,-12.9726143818689
0.918,-3.60372894748304,-12.9726143818689
0.919,-3.61866065383309,-14.9317063500529
0.92,-3.63494345809224,-16.2828042591463
0.921,-3.65122626235139,-16.2828042591458
0.922,-3.66750906661053,-16.2828042591463
0.923,-3.68379187086968,-16.2828042591458
0.924,-3.70007467512883,-16.2828042591467
0.925,-3.71635747938797,-16.2828042591458
0.926,-3.73264028364712,-16.2828042591458
0.927,-3.74892308790626,-16.2828042591463
0.928,-3.76520589216541,-16.2828042591458
0.929,-3.78148869642455,-16.2828042591458
0.93,-3.7977715006837,-16.2828042591463
0.931,-3.81405430494285,-16.2828042591463
0.932,-3.83033710920199,-16.2828042591458
0.933,-3.84661991346114,-16.2828042591467
0.934,-3.86290271772029,-16.2828042591458
0.935,-3.87918552197943,-16.2828042591458
0.936,-3.89546832623858,-16.2828042591458
0.937,-3.91175113049772,-16.2828042591467
0.938,-3.92803393475687,-16.2828042591458
0.939,-3.94431673901602,-16.2828042591458
0.94,-3.96059954327516,-16.2828042591463
0.941,-3.97688234753431,-16.2828042591463
0.942,-3.99316515179345,-16.2828042591458
0.943,-4.0094479560526,-16.2828042591458
0.944,-4.02573076031175,-16.2828042591467
0.945,-4.04201356457089,-16.282804259145
0.946,-4.05829636883004,-16.2828042591467
0.947,-4.07457917308918,-16.2828042591458
0.948,-4.09086197734833,-16.2828042591458
0.949,-4.10714478160748,-16.2828042591467
0.95,-4.12342758586662,-16.2828042591458
0.951,-4.13971039012577,-16.2828042591458
0.952,-4.15599319438492,-16.2828042591467
0.953,-4.17227599864406,-16.2828042591458
0.954,-4.18855880290321,-16.2828042591458
0.955,-4.20484160716235,-16.2828042591458
0.956,-4.2211244114215,-16.2828042591467
0.957,-4.23740721568065,-16.2828042591458
0.958,-4.25610140552307,-18.6941898424226
0.959,-4.27533815712173,-19.2367515986591
0.96,-4.29457490872039,-19.2367515986621
0.961,-4.31381166031905,-19.2367515986582
0.962,-4.33304841191771,-19.2367515986591
0.963,-4.35228516351637,-19.23675159866
0.964,-4.37152191511502,-19.2367515986582
0.965,-4.39075866671368,-19.23675159866
0.966,-4.40999541831234,-19.2367515986591
0.967,-4.429232169911,-19.2367515986591
0.968,-4.44846892150966,-19.2367515986591
0.969,-4.46770567310832,-19.23675159866
0.97,-4.48694242470698,-19.2367515986591
0.971,-4.50617917630564,-19.2367515986582
0.972,-4.5254159279043,-19.23675159866
0.973,-4.54465267950296,-19.2367515986591
0.974,-4.56388943110162,-19.2367515986591
0.975,-4.58312618270028,-19.23675159866
0.976,-4.60236293429893,-19.2367515986582
0.977,-4.62159968589759,-19.23675159866
0.978,-4.64083643749625,-19.2367515986591
0.979,-4.66007318909491,-19.2367515986591
0.98,-4.67930994069357,-19.2367515986591
0.981,-4.69854669229223,-19.2367515986591
0.982,-4.71778344389089,-19.23675159866
0.983,-4.73702019548955,-19.2367515986582
0.984,-4.75625694708821,-19.23675159866
0.985,-4.77549369868687,-19.2367515986591
0.986,-4.79473045028553,-19.2367515986591
0.987,-4.81396720188419,-19.2367515986591
0.988,-4.83320395348285,-19.2367515986591
0.989,-4.8524407050815,-19.2367515986591
0.99,-4.87167745668016,-19.2367515986591
0.991,-4.89091420827882,-19.2367515986591
0.992,-4.91015095987748,-19.23675159866
0.993,-4.92938771147614,-19.2367515986591
0.994,-4.9486244630748,-19.2367515986591
0.995,-4.96786121467346,-19.23675159866
0.996,-4.98721957137214,-19.3583566986763
0.997,-5.00943564792122,-22.216076549082
0.998,-5.0316517244703,-22.2160765490828
0.999,-5.05386780101939,-22.2160765490828
1,-5.07608387756847,-22.216076549082
1.001,-5.09829995411755,-22.2160765490804
1.002,-5.12051603066663,-22.2160765490844
1.003,-5.14273210721572,-22.2160765490804
1.004,-5.1649481837648,-22.2160765490844
1.005,-5.18716426031388,-22.2160765490804
1.006,-5.20938033686296,-22.2160765490844
1.007,-5.23159641341205,-22.2160765490813
1.008,-5.25381248996113,-22.2160765490835
1.009,-5.27602856651021,-22.2160765490804
1.01,-5.29824464305929,-22.2160765490844
1.011,-5.32046071960837,-22.2160765490804
1.012,-5.34267679615746,-22.2160765490853
1.013,-5.36489287270654,-22.2160765490795
1.014,-5.38710894925562,-22.2160765490853
1.015,-5.4093250258047,-22.2160765490795
1.016,-5.43154110235379,-22.2160765490853
1.017,-5.45375717890287,-22.2160765490795
1.018,-5.47597325545195,-22.2160765490853
1.019,-5.49818933200103,-22.2160765490804
1.02,-5.52040540855012,-22.2160765490844
1.021,-5.5426214850992,-22.2160765490804
1.022,-5.56483756164828,-22.2160765490844
1.023,-5.58705363819736,-22.2160765490804
1.024,-5.60926971474645,-22.2160765490853
1.025,-5.63148579129553,-22.2160765490844
1.026,-5.65370186784461,-22.2160765490804
1.027,-5.67591794439369,-22.2160765490844
1.028,-5.69813402094278,-22.2160765490795
1.029,-5.72035009749186,-22.2160765490853
1.03,-5.74256617404094,-22.2160765490804
1.031,-5.76478225059002,-22.2160765490826
1.032,-5.7869983271391,-22.2160765490795
1.033,-5.80921440368819,-22.2160765490853
1.034,-5.83143048023727,-22.2160765490795
1.035,-5.85462094167781,-23.1904614405475
1.036,-5.88050969974087,-25.8887580630513
1.037,-5.90639845780392,-25.888758063058
1.038,-5.93228721586698,-25.8887580630513
1.039,-5.95817597393003,-25.888758063058
1.04,-5.98406473199309,-25.8887580630522
1.041,-6.00995349005614,-25.8887580630571
1.042,-6.0358422481192,-25.8887580630522
1.043,-6.06173100618225,-25.888758063058
1.044,-6.08761976424531,-25.8887580630522
1.045,-6.11350852230836,-25.888758063058
1.046,-6.13939728037142,-25.8887580630522
1.047,-6.16528603843447,-25.8887580630571
1.048,-6.19117479649753,-25.8887580630522
1.049,-6.21706355456058,-25.888758063058
1.05,-6.24295231262364,-25.8887580630513
1.051,-6.26884107068669,-25.8887580630571
1.052,-6.29472982874975,-25.8887580630531
1.053,-6.3206185868128,-25.8887580630571
1.054,-6.34650734487586,-25.8887580630531
1.055,-6.37239610293891,-25.8887580630571
1.056,-6.39828486100197,-25.8887580630522
1.057,-6.42417361906502,-25.888758063058
1.058,-6.45006237712808,-25.8887580630513
1.059,-6.47595113519113,-25.8887580630571
1.06,-6.50183989325419,-25.8887580630531
1.061,-6.52772865131724,-25.8887580630571
1.062,-6.5536174093803,-25.8887580630522
1.063,-6.57950616744335,-25.888758063058
1.064,-6.6053949255064,-25.8887580630513
1.065,-6.63128368356946,-25.888758063058
1.066,-6.65717244163251,-25.8887580630522
1.067,-6.68306119969557,-25.888758063058
1.068,-6.70894995775862,-25.8887580630513
1.069,-6.73483871582168,-25.888758063058
1.07,-6.76072747388473,-25.8887580630522
1.071,-6.78661623194779,-25.8887580630571
1.072,-6.81250499001084,-25.8887580630522
1.073,-6.8383937480739,-25.8887580630589
1.074,-6.86661577780607,-28.2220297321704
1.075,-6.89726829886025,-30.6525210541764
1.076,-6.92792081991442,-30.6525210541696
1.077,-6.95857334096859,-30.6525210541764
1.078,-6.98922586202277,-30.6525210541696
1.079,-7.01987838307694,-30.6525210541773
1.08,-7.05053090413111,-30.6525210541696
1.081,-7.08118342518529,-30.6525210541764
1.082,-7.11183594623946,-30.6525210541696
1.083,-7.14248846729363,-30.6525210541764
1.084,-7.17314098834781,-30.6525210541705
1.085,-7.20379350940198,-30.6525210541755
1.086,-7.23444603045615,-30.6525210541705
1.087,-7.26509855151032,-30.6525210541764
1.088,-7.2957510725645,-30.6525210541705
1.089,-7.32640359361867,-30.6525210541764
1.09,-7.35705611467284,-30.6525210541687
1.091,-7.38770863572702,-30.6525210541773
1.092,-7.41836115678119,-30.6525210541705
1.093,-7.44901367783536,-30.6525210541755
1.094,-7.47966619888954,-30.6525210541696
1.095,-7.51031871994371,-30.6525210541764
1.096,-7.54097124099788,-30.6525210541705
1.097,-7.57162376205206,-30.6525210541755
1.098,-7.60227628310623,-30.6525210541705
1.099,-7.6329288041604,-30.6525210541764
1.1,-7.66358132521458,-30.6525210541696
1.101,-7.69423384626875,-30.6525210541773
1.102,-7.72488636732292,-30.6525210541687
1.103,-7.7555388883771,-30.6525210541773
1.104,-7.78619140943127,-30.6525210541696
1.105,-7.81684393048544,-30.6525210541764
1.106,-7.84749645153962,-30.6525210541705
1.107,-7.87814897259379,-30.6525210541764
1.108,-7.90880149364796,-30.6525210541696
1.109,-7.93945401470214,-30.6525210541764
1.11,-7.97010653575631,-30.6525210541687
1.111,-8.00075905681048,-30.6525210541764
1.112,-8.03141157786465,-30.6525210541705
1.113,-8.06560060976471,-34.1890319000557
1.114,-8.10120424600311,-35.6036362384002
1.115,-8.13680788224151,-35.6036362384082
1.116,-8.17241151847992,-35.6036362384002
1.117,-8.20801515471832,-35.6036362384064
1.118,-8.24361879095672,-35.6036362383985
1.119,-8.27922242719513,-35.6036362384082
1.12,-8.31482606343353,-35.6036362384002
1.121,-8.35042969967193,-35.6036362384064
1.122,-8.38603333591034,-35.6036362384002
1.123,-8.42163697214874,-35.6036362384082
1.124,-8.45724060838715,-35.6036362383985
1.125,-8.49284424462555,-35.6036362384082
1.126,-8.52844788086395,-35.6036362384002
1.127,-8.56405151710236,-35.6036362384064
1.128,-8.59965515334076,-35.6036362384002
1.129,-8.63525878957916,-35.6036362384064
1.13,-8.67086242581757,-35.6036362384002
1.131,-8.70646606205597,-35.6036362384082
1.132,-8.74206969829437,-35.6036362383985
1.133,-8.77767333453278,-35.6036362384082
1.134,-8.81327697077118,-35.6036362384002
1.135,-8.84888060700959,-35.6036362384082
1.136,-8.88448424324799,-35.6036362383985
1.137,-8.92008787948639,-35.6036362384082
1.138,-8.9556915157248,-35.6036362384002
1.139,-8.9912951519632,-35.6036362384064
1.14,-9.0268987882016,-35.6036362383985
1.141,-9.06250242444001,-35.6036362384082
1.142,-9.09810606067841,-35.6036362384002
1.143,-9.13370969691682,-35.6036362384082
1.144,-9.16931333315522,-35.6036362383985
1.145,-9.20491696939362,-35.6036362384082
1.146,-9.24052060563202,-35.6036362383985
1.147,-9.27612424187043,-35.6036362384082
1.148,-9.31172787810883,-35.6036362384002
1.149,-9.34733151434724,-35.6036362384064
1.15,-9.38293515058564,-35.6036362384002
1.151,-9.41853878682404,-35.6036362384064
1.152,-9.45989614129322,-41.357354469169
1.153,-9.5016287382557,-41.7325969624873
1.154,-9.54336133521818,-41.7325969624855
1.155,-9.58509393218066,-41.732596962478
1.156,-9.62682652914314,-41.7325969624855
1.157,-9.66855912610563,-41.732596962478
1.158,-9.7102917230681,-41.7325969624819
1.159,-9.75202432003059,-41.732596962478
1.16,-9.79375691699307,-41.7325969624873
1.161,-9.83548951395555,-41.732596962478
1.162,-9.87722211091803,-41.7325969624855
1.163,-9.91895470788051,-41.7325969624762
1.164,-9.960687304843,-41.7325969624873
1.165,-10.0024199018055,-41.732596962478
1.166,-10.044152498768,-41.7325969624873
1.167,-10.0858850957304,-41.732596962478
1.168,-10.1276176926929,-41.7325969624873
1.169,-10.1693502896554,-41.732596962478
1.17,-10.2110828866179,-41.7325969624855
1.171,-10.2528154835804,-41.7325969624762
1.172,-10.2945480805429,-41.7325969624873
1.173,-10.3362806775053,-41.732596962478
1.174,-10.3780132744678,-41.7325969624855
1.175,-10.4197458714303,-41.732596962478
1.176,-10.4614784683928,-41.7325969624873
1.177,-10.5032110653553,-41.7325969624762
1.178,-10.5449436623177,-41.7325969624873
1.179,-10.5866762592802,-41.732596962478
1.18,-10.6284088562427,-41.7325969624855
1.181,-10.6701414532052,-41.732596962478
1.182,-10.7118740501677,-41.7325969624855
1.183,-10.7536066471302,-41.732596962478
1.184,-10.7953392440926,-41.7325969624873
1.185,-10.8370718410551,-41.732596962478
1.186,-10.8788044380176,-41.7325969624855
1.187,-10.9205370349801,-41.732596962478
1.188,-10.9622696319426,-41.7325969624873
1.189,-11.004002228905,-41.732596962478
1.19,-11.0468177219104,-42.8154930053968
1.191,-11.0951830571357,-48.3653352252968
1.192,-11.143548392361,-48.3653352253111
1.193,-11.1919137275864,-48.3653352252968
1.194,-11.2402790628117,-48.3653352253093
1.195,-11.288644398037,-48.3653352253003
1.196,-11.3370097332623,-48.3653352253075
1.197,-11.3853750684876,-48.3653352253003
1.198,-11.4337404037129,-48.3653352253075
1.199,-11.4821057389382,-48.3653352253039
1.2,-11.5304710741635,-48.3653352253057
1.201,-11.5788364093888,-48.3653352253039
1.202,-11.6272017446141,-48.3653352253022
1.203,-11.6755670798394,-48.3653352253039
1.204,-11.7239324150647,-48.365335225304
1.205,-11.77229775029,-48.3653352253039
1.206,-11.8206630855153,-48.365335225304
1.207,-11.8690284207406,-48.3653352253039
1.208,-11.9173937559659,-48.365335225304
1.209,-11.9657590911912,-48.3653352253039
1.21,-12.0141244264165,-48.365335225304
1.211,-12.0624897616418,-48.3653352253039
1.212,-12.1108550968671,-48.365335225304
1.213,-12.1592204320924,-48.3653352253039
1.214,-12.2075857673177,-48.365335225304
1.215,-12.255951102543,-48.3653352253039
1.216,-12.3043164377683,-48.365335225304
1.217,-12.3526817729937,-48.3653352253039
1.218,-12.401047108219,-48.365335225304
1.219,-12.4494124434443,-48.3653352253039
1.22,-12.4977777786696,-48.365335225304
1.221,-12.5461431138949,-48.3653352253039
1.222,-12.5945084491202,-48.365335225304
1.223,-12.6428737843455,-48.3653352252932
1.224,-12.6912391195708,-48.3653352253146
1.225,-12.7396044547961,-48.3653352252932
1.226,-12.7879697900214,-48.3653352253128
1.227,-12.8363351252467,-48.365335225295
1.228,-12.884700460472,-48.3653352253146
1.229,-12.9361473212372,-51.4468607651781
1.23,-12.9924597486443,-56.3124274071258
1.231,-13.0487721760514,-56.3124274071009
1.232,-13.1050846034585,-56.3124274071258
1.233,-13.1613970308656,-56.3124274071009
1.234,-13.2177094582727,-56.3124274071258
1.235,-13.2740218856799,-56.3124274071009
1.236,-13.330334313087,-56.3124274071258
1.237,-13.3866467404941,-56.3124274071009
1.238,-13.4429591679012,-56.3124274071258
1.239,-13.4992715953083,-56.3124274071009
1.24,-13.5555840227154,-56.3124274071276
1.241,-13.6118964501225,-56.3124274071009
1.242,-13.6682088775297,-56.3124274071276
1.243,-13.7245213049368,-56.3124274071009
1.244,-13.7808337323439,-56.312427407124
1.245,-13.837146159751,-56.3124274071009
1.246,-13.8934585871581,-56.3124274071276
1.247,-13.9497710145652,-56.3124274071009
1.248,-14.0060834419723,-56.312427407124
1.249,-14.0623958693794,-56.3124274071009
1.25,-14.1187082967866,-56.3124274071276
1.251,-14.1750207241937,-56.3124274071009
1.252,-14.2313331516008,-56.3124274071258
1.253,-14.2876455790079,-56.3124274071027
1.254,-14.343958006415,-56.312427407124
1.255,-14.4002704338221,-56.3124274071009
1.256,-14.4565828612292,-56.3124274071276
1.257,-14.5128952886364,-56.3124274071009
1.258,-14.5692077160435,-56.312427407124
1.259,-14.6255201434506,-56.3124274071027
1.26,-14.6818325708577,-56.3124274071258
1.261,-14.7381449982648,-56.3124274071009
1.262,-14.7944574256719,-56.3124274071258
1.263,-14.850769853079,-56.3124274071009
1.264,-14.9070822804862,-56.3124274071258
1.265,-14.9633947078933,-56.3124274071009
1.266,-15.0197071353004,-56.3124274071258
1.267,-15.0760195627075,-56.3124274071009
1.268,-15.1373588550929,-61.3392923854118
1.269,-15.2018818286312,-64.5229735382972
1.27,-15.2664048021695,-64.5229735383275
1.271,-15.3309277757078,-64.5229735382954
1.272,-15.3954507492461,-64.5229735383275
1.273,-15.4599737227844,-64.5229735382954
1.274,-15.5244966963228,-64.5229735383275
1.275,-15.5890196698611,-64.5229735382954
1.276,-15.6535426433994,-64.5229735383257
1.277,-15.7180656169377,-64.5229735382972
1.278,-15.782588590476,-64.5229735383275
1.279,-15.8471115640143,-64.5229735382972
1.28,-15.9116345375526,-64.5229735383239
1.281,-15.9761575110909,-64.5229735383115
1.282,-16.0406804846293,-64.5229735383132
1.283,-16.1052034581676,-64.5229735383097
1.284,-16.1697264317059,-64.5229735383132
1.285,-16.2342494052442,-64.5229735383097
1.286,-16.2987723787825,-64.5229735383132
1.287,-16.3632953523208,-64.5229735383097
1.288,-16.4278183258591,-64.5229735383132
1.289,-16.4923412993974,-64.5229735383097
1.29,-16.5568642729357,-64.5229735383132
1.291,-16.6213872464741,-64.5229735383097
1.292,-16.6859102200124,-64.5229735383132
1.293,-16.7504331935507,-64.5229735383097
1.294,-16.814956167089,-64.5229735383132
1.295,-16.8794791406273,-64.5229735383097
1.296,-16.9440021141656,-64.5229735383132
1.297,-17.0085250877039,-64.5229735383097
1.298,-17.0730480612422,-64.5229735383132
1.299,-17.1375710347805,-64.5229735383097
1.3,-17.2020940083189,-64.5229735383132
1.301,-17.2666169818572,-64.5229735383097
1.302,-17.3311399553955,-64.5229735383132
1.303,-17.3956629289338,-64.5229735383097
1.304,-17.4601859024721,-64.5229735383132
1.305,-17.5247088760104,-64.5229735383097
1.306,-17.5892318495487,-64.5229735383132
1.307,-17.6625170368287,-73.2851872799901
1.308,-17.737511924351,-74.9948875222715
1.309,-17.8125068118733,-74.9948875222704
1.31,-17.8875016993955,-74.9948875222679
1.311,-17.9624965869178,-74.9948875222668
1.312,-18.0374914744401,-74.9948875222679
1.313,-18.1124863619623,-74.9948875222704
1.314,-18.1874812494846,-74.9948875222679
1.315,-18.2624761370069,-74.9948875222739
1.316,-18.3374710245291,-74.9948875222644
1.317,-18.4124659120514,-74.9948875222704
1.318,-18.4874607995737,-74.9948875222715
1.319,-18.5624556870959,-74.9948875222704
1.32,-18.6374505746182,-74.9948875222679
1.321,-18.7124454621405,-74.9948875222704
1.322,-18.7874403496628,-74.9948875222644
1.323,-18.862435237185,-74.9948875222739
1.324,-18.9374301247073,-74.9948875222679
1.325,-19.0124250122296,-74.9948875222704
1.326,-19.0874198997518,-74.9948875222679
1.327,-19.1624147872741,-74.9948875222704
1.328,-19.2374096747964,-74.9948875222679
1.329,-19.3124045623186,-74.9948875222704
1.33,-19.3873994498409,-74.9948875222679
1.331,-19.4623943373632,-74.9948875222704
1.332,-19.5373892248855,-74.9948875222679
1.333,-19.6123841124077,-74.9948875222704
1.334,-19.68737899993,-74.9948875222679
1.335,-19.7623738874523,-74.9948875222704
1.336,-19.8373687749745,-74.9948875222679
1.337,-19.9123636624968,-74.9948875222668
1.338,-19.9873585500191,-74.9948875222715
1.339,-20.0623534375413,-74.9948875222668
1.34,-20.1373483250636,-74.9948875222715
1.341,-20.2123432125859,-74.9948875222668
1.342,-20.2873381001081,-74.9948875222715
1.343,-20.3623329876304,-74.9948875222668
1.344,-20.4373278751527,-74.9948875222715
1.345,-20.5138346171727,-76.5067420199741
1.346,-20.6135231281575,-99.6885109848046
1.347,-20.7132116391423,-99.6885109848055
1.348,-20.8129001501271,-99.6885109848011
1.349,-20.9125886611119,-99.6885109848055
1.35,-21.0122771720967,-99.6885109848011
1.351,-21.1119656830815,-99.6885109848055
1.352,-21.2116541940663,-99.6885109847833
1.353,-21.3113427050511,-99.6885109848232
1.354,-21.4110312160359,-99.6885109847798
1.355,-21.5107197270207,-99.6885109848303
1.356,-21.6104082380055,-99.6885109847798
1.357,-21.7100967489903,-99.6885109848268
1.358,-21.8097852599751,-99.6885109847798
1.359,-21.9094737709599,-99.6885109848268
1.36,-22.0091622819447,-99.6885109847798
1.361,-22.1088507929295,-99.6885109848268
1.362,-22.2085393039143,-99.6885109847833
1.363,-22.3082278148991,-99.6885109848232
1.364,-22.4079163258839,-99.6885109847833
1.365,-22.5076048368687,-99.6885109848268
1.366,-22.6072933478535,-99.6885109847798
1.367,-22.7069818588383,-99.6885109848268
1.368,-22.8066703698231,-99.6885109847798
1.369,-22.9063588808079,-99.6885109848268
1.37,-23.0060473917927,-99.6885109847798
1.371,-23.1057359027775,-99.6885109848268
1.372,-23.2054244137623,-99.6885109847833
1.373,-23.3051129247472,-99.6885109848268
1.374,-23.404801435732,-99.6885109847798
1.375,-23.5044899467168,-99.6885109848268
1.376,-23.6041784577016,-99.6885109847798
1.377,-23.7038669686864,-99.6885109848232
1.378,-23.8035554796712,-99.6885109847833
1.379,-23.903243990656,-99.6885109848268
1.38,-24.0029325016408,-99.6885109847798
1.381,-24.1026210126256,-99.6885109848232
1.382,-24.2023095236104,-99.6885109847869
1.383,-24.3019980345952,-99.6885109848232
1.384,-24.4017515866415,-99.753552046319
1.385,-24.5016677413417,-99.9161547002
1.386,-24.6015838960419,-99.9161547001636
1.387,-24.7015000507421,-99.9161547002035
1.388,-24.8014162054423,-99.9161547001636
1.389,-24.9013323601424,-99.9161547002
1.39,-25.0012485148426,-99.91615470016
1.391,-25.1011646695428,-99.9161547002071
1.392,-25.201080824243,-99.9161547001565
1.393,-25.3009969789432,-99.9161547002071
1.394,-25.4009131336433,-99.9161547001565
1.395,-25.5008292883435,-99.9161547002035
1.396,-25.6007454430437,-99.91615470016
1.397,-25.7006615977439,-99.9161547002071
1.398,-25.8005777524441,-99.9161547001565
1.399,-25.9004939071443,-99.9161547002071
1.4,-26.0004100618444,-99.91615470016
1.401,-26.1003262165446,-99.9161547002035
1.402,-26.2002423712448,-99.91615470016
1.403,-26.300158525945,-99.9161547002035
1.404,-26.4000746806452,-99.91615470016
1.405,-26.4999908353454,-99.9161547002035
1.406,-26.5999069900455,-99.9161547001636
1.407,-26.6998231447457,-99.9161547002
1.408,-26.7997392994459,-99.9161547001858
1.409,-26.8996554541461,-99.9161547001778
1.41,-26.9995716088463,-99.9161547001822
1.411,-27.0994877635465,-99.9161547001849
1.412,-27.1994039182466,-99.9161547001822
1.413,-27.2993200729468,-99.9161547001814
1.414,-27.399236227647,-99.9161547001822
1.415,-27.4991523823472,-99.9161547001814
1.416,-27.5990685370474,-99.9161547001822
1.417,-27.6989846917475,-99.9161547001814
1.418,-27.7989008464477,-99.9161547001822
1.419,-27.8988170011479,-99.9161547001849
1.42,-27.9987331558481,-99.9161547001787
1.421,-28.0986493105483,-99.9161547001814
1.422,-28.1985654652484,-99.9161547001822
1.423,-28.2978761397814,-99.3106745329544
1.424,-28.3966055533538,-98.7294135724144
1.425,-28.4953349669262,-98.7294135724138
1.426,-28.5940643804986,-98.7294135724179
1.427,-28.6927937940711,-98.7294135724173
1.428,-28.7915232076435,-98.7294135724144
1.429,-28.8902526212159,-98.7294135724138
1.43,-28.9889820347883,-98.7294135724179
1.431,-29.0877114483607,-98.7294135724102
1.432,-29.1864408619331,-98.7294135724179
1.433,-29.2851702755056,-98.7294135724173
1.434,-29.383899689078,-98.7294135724108
1.435,-29.4826291026504,-98.7294135724173
1.436,-29.5813585162228,-98.7294135724144
1.437,-29.6800879297952,-98.7294135724138
1.438,-29.7788173433676,-98.7294135724179
1.439,-29.8775467569401,-98.7294135724138
1.44,-29.9762761705125,-98.7294135724144
1.441,-30.0750055840849,-98.7294135724173
1.442,-30.1737349976573,-98.7294135724179
1.443,-30.2724644112297,-98.7294135724102
1.444,-30.3711938248021,-98.7294135724179
1.445,-30.4699232383745,-98.7294135724173
1.446,-30.5686526519469,-98.7294135724108
1.447,-30.6673820655194,-98.7294135724173
1.448,-30.7661114790918,-98.7294135724144
1.449,-30.8648408926642,-98.7294135724138
1.45,-30.9635703062366,-98.7294135724179
1.451,-31.062299719809,-98.7294135724173
1.452,-31.1610291333814,-98.7294135724108
1.453,-31.2597585469539,-98.7294135724173
1.454,-31.3584879605263,-98.7294135724144
1.455,-31.4572173740987,-98.7294135724173
1.456,-31.5559467876711,-98.7294135724144
1.457,-31.6546762012435,-98.7294135724173
1.458,-31.7534056148159,-98.7294135724108
1.459,-31.8521350283884,-98.7294135724173
1.46,-31.9508644419608,-98.7294135724144
1.461,-32.0495938555332,-98.7294135724138
1.462,-32.1286120220029,-79.0181664697174
1.463,-32.20051223813,-71.9002161270756
1.464,-32.272412454257,-71.9002161270702
1.465,-32.3443126703841,-71.9002161270756
1.466,-32.4162128865112,-71.9002161270773
1.467,-32.4881131026383,-71.9002161270685
1.468,-32.5600133187653,-71.9002161270773
1.469,-32.6319135348924,-71.9002161270756
1.47,-32.7038137510195,-71.9002161270773
1.471,-32.7757139671466,-71.9002161270685
1.472,-32.8476141832736,-71.9002161270702
1.473,-32.9195143994007,-71.9002161270756
1.474,-32.9914146155278,-71.9002161270773
1.475,-33.0633148316549,-71.9002161270756
1.476,-33.1352150477819,-71.9002161270702
1.477,-33.207115263909,-71.9002161270756
1.478,-33.2790154800361,-71.9002161270773
1.479,-33.3509156961632,-71.9002161270614
1.48,-33.4228159122902,-71.9002161270844
1.481,-33.4947161284173,-71.9002161270614
1.482,-33.5666163445444,-71.9002161270916
1.483,-33.6385165606714,-71.9002161270543
1.484,-33.7104167767985,-71.9002161270916
1.485,-33.7823169929256,-71.9002161270614
1.486,-33.8542172090527,-71.9002161270844
1.487,-33.9261174251797,-71.9002161270614
1.488,-33.9980176413068,-71.9002161270916
1.489,-34.0699178574339,-71.9002161270543
1.49,-34.141818073561,-71.9002161270916
1.491,-34.213718289688,-71.9002161270614
1.492,-34.2856185058151,-71.9002161270844
1.493,-34.3575187219422,-71.9002161270614
1.494,-34.4294189380693,-71.9002161270916
1.495,-34.5013191541963,-71.9002161270543
1.496,-34.5732193703234,-71.9002161270916
1.497,-34.6451195864505,-71.9002161270614
1.498,-34.7170198025776,-71.9002161270916
1.499,-34.7889200187046,-71.9002161270614
1.5,-34.8608202348317,-71.9002161270844
1.501,-33.9093645792102,951.455655621592
1.502,-32.9143618652162,995.002713993901
1.503,-31.9193591512224,995.002713993905
1.504,-30.9243564372284,995.002713993904
1.505,-29.9293537232346,995.002713993905
1.506,-28.9343510092406,995.002713993901
1.507,-27.9393482952468,995.002713993905
1.508,-26.9443455812528,995.002713993908
1.509,-25.949342867259,995.002713993905
1.51,-24.954340153265,995.002713993904
1.511,-23.9593374392712,995.002713993898
1.512,-22.9643347252772,995.002713993904
1.513,-21.9693320112834,995.002713993908
1.514,-20.9743292972894,995.002713993901
1.515,-19.9793265832956,995.002713993908
1.516,-18.9843238693016,995.002713993901
1.517,-17.9893211553078,995.002713993901
1.518,-16.9943184413137,995.002713993904
1.519,-15.99931572732,995.002713993905
1.52,-15.0043130133259,995.002713993902
1.521,-14.0093102993321,995.002713993906
1.522,-13.0143075853381,995.002713993902
1.523,-12.0193048713443,995.002713993903
1.524,-11.0243021573503,995.002713993908
1.525,-10.0292994433565,995.002713993899
1.526,-9.03429672936251,995.002713993908
1.527,-8.03929401536872,995.002713993899
1.528,-7.0442913013747,995.002713993907
1.529,-6.0492885873809,995.002713993905
1.53,-5.05428587338689,995.002713993903
1.531,-4.0592831593931,995.002713993904
1.532,-3.06428044539908,995.002713993902
1.533,-2.06927773140529,995.002713993905
1.534,-1.07427501741127,995.002713993902
1.535,-0.0792723034174792,995.002713993904
1.536,0.915730410576534,995.002713993902
1.537,1.91073312457033,995.002713993905
1.538,2.90573583856434,995.002713993902
1.539,3.90072518831417,994.98934974994
1.54,4.89565514142438,994.929953110091
1.541,5.89058509453436,994.929953110093
1.542,6.88551504764456,994.929953110091
1.543,7.88044500075454,994.929953110092
1.544,8.87537495386475,994.929953110092
1.545,9.87030490697473,994.929953110092
1.546,10.8652348600849,994.929953110094
1.547,11.8601648131949,994.929953110091
1.548,12.8550947663051,994.92995311009
1.549,13.8500247194151,994.929953110096
1.55,14.8449546725253,994.929953110088
1.551,15.8398846256353,994.929953110094
1.552,16.8348145787455,994.92995311009
1.553,17.8297445318555,994.929953110094
1.554,18.8246744849657,994.92995311009
1.555,19.8196044380757,994.929953110091
1.556,20.8145343911859,994.929953110094
1.557,21.8094643442958,994.929953110094
1.558,22.804394297406,994.92995311009
1.559,23.799324250516,994.929953110091
1.56,24.7942542036262,994.929953110097
1.561,25.7891841567362,994.929953110084
1.562,26.7841141098464,994.929953110097
1.563,27.7790440629564,994.929953110091
1.564,28.7739740160666,994.929953110094
1.565,29.7689039691766,994.929953110094
1.566,30.7638339222868,994.929953110086
1.567,31.7587638753968,994.929953110094
1.568,32.753693828507,994.92995311009
1.569,33.748623781617,994.929953110091
1.57,34.7435537347272,994.929953110097
1.571,35.7384836878371,994.929953110091
1.572,36.7334136409473,994.929953110083
1.573,37.7283435940573,994.929953110105
1.574,38.7232735471675,994.92995311009
1.575,39.7182035002775,994.929953110084
1.576,40.7131334533877,994.929953110104
1.577,41.7080634064977,994.929953110084
1.578,42.2561058046628,548.04239816504
1.579,42.1561612481574,-99.9445565054099
1.58,42.056216691652,-99.944556505409
1.581,41.9562721351466,-99.9445565054099
1.582,41.8563275786412,-99.9445565054161
1.583,41.7563830221358,-99.9445565054099
1.584,41.6564384656303,-99.944556505409
1.585,41.5564939091249,-99.9445565054028
1.586,41.4565493526195,-99.944556505409
1.587,41.3566047961141,-99.9445565054099
1.588,41.2566602396087,-99.944556505409
1.589,41.1567156831033,-99.944556505417
1.59,41.0567711265979,-99.9445565054019
1.591,40.9568265700925,-99.9445565054099
1.592,40.8568820135871,-99.944556505409
1.593,40.7569374570817,-99.9445565054099
1.594,40.6569929005762,-99.9445565054383
1.595,40.5570483440709,-99.9445565053806
1.596,40.4571037875654,-99.9445565054312
1.597,40.35715923106,-99.9445565053806
1.598,40.2572146745546,-99.9445565054312
1.599,40.1572701180492,-99.9445565053948
1.6,40.0573255615438,-99.9445565054312
1.601,39.9573810050384,-99.9445565053806
1.602,39.857436448533,-99.9445565054383
1.603,39.7574918920276,-99.9445565053806
1.604,39.6575473355222,-99.9445565054312
1.605,39.5576027790168,-99.9445565053877
1.606,39.4576582225114,-99.9445565054099
1.607,39.3577136660059,-99.944556505409
1.608,39.2577691095005,-99.9445565054099
1.609,39.1578245529951,-99.944556505409
1.61,39.0578799964897,-99.9445565054099
1.611,38.9579354399843,-99.944556505409
1.612,38.8579908834789,-99.9445565054099
1.613,38.7580463269735,-99.944556505409
1.614,38.6581017704681,-99.9445565054099
1.615,38.5581572139627,-99.944556505409
1.616,38.4582126574573,-99.9445565054028
1.617,38.3582680972548,-99.9445602024339
1.618,38.2583235349058,-99.9445623490768
1.619,38.1583789725567,-99.944562349083
1.62,38.0584344102076,-99.9445623490768
1.621,37.9584898478585,-99.944562349083
1.622,37.8585452855094,-99.9445623490839
1.623,37.7586007231603,-99.9445623490759
1.624,37.6586561608113,-99.9445623490768
1.625,37.5587115984622,-99.9445623490759
1.626,37.4587670361131,-99.944562349091
1.627,37.358822473764,-99.9445623490759
1.628,37.258877911415,-99.9445623490839
1.629,37.1589333490659,-99.944562349083
1.63,37.0589887867168,-99.9445623490768
1.631,36.9590442243677,-99.944562349083
1.632,36.8590996620186,-99.9445623490768
1.633,36.7591550996695,-99.944562349083
1.634,36.6592105373205,-99.9445623490768
1.635,36.5592659749714,-99.944562349083
1.636,36.4593214126223,-99.9445623490768
1.637,36.3593768502732,-99.944562349083
1.638,36.2594322879242,-99.9445623490768
1.639,36.1594877255751,-99.944562349083
1.64,36.059543163226,-99.9445623490839
1.641,35.9595986008769,-99.9445623490759
1.642,35.8596540385278,-99.9445623490768
1.643,35.7597094761787,-99.944562349083
1.644,35.6597649138297,-99.9445623490839
1.645,35.5598203514806,-99.9445623490759
1.646,35.4598757891315,-99.9445623490839
1.647,35.3599312267824,-99.944562349083
1.648,35.2599866644333,-99.9445623490768
1.649,35.1600421020843,-99.944562349083
1.65,35.0600975397352,-99.9445623490768
1.651,34.9601529773861,-99.944562349083
1.652,34.860208415037,-99.9445623490839
1.653,34.7602638526879,-99.9445623490759
1.654,34.6603192903389,-99.9445623490839
1.655,34.5603747279898,-99.9445623490759
1.656,34.4604301657609,-99.9445622288743
1.657,34.3604856035521,-99.944562208829
1.658,34.2605410413433,-99.9445622088299
1.659,34.1605964791344,-99.944562208829
1.66,34.0606519169256,-99.944562208837
1.661,33.9607073547167,-99.944562208829
1.662,33.8607627925079,-99.9445622088299
1.663,33.7608182302991,-99.9445622088361
1.664,33.6608736680903,-99.9445622088299
1.665,33.5609291058814,-99.944562208829
1.666,33.4609845436726,-99.944562208837
1.667,33.3610399814638,-99.944562208829
1.668,33.2610954192549,-99.9445622088299
1.669,33.1611508570461,-99.944562208829
1.67,33.0612062948373,-99.9445622088299
1.671,32.9612617326284,-99.9445622088361
1.672,32.8613171704196,-99.9445622088299
1.673,32.7613726082108,-99.9445622088361
1.674,32.6614280460019,-99.9445622088299
1.675,32.5614834837931,-99.944562208829
1.676,32.4615389215843,-99.944562208837
1.677,32.3615943593754,-99.944562208829
1.678,32.2616497971666,-99.9445622088299
1.679,32.1617052349578,-99.9445622088361
1.68,32.061760672749,-99.9445622088299
1.681,31.9618161105401,-99.944562208829
1.682,31.8618715483313,-99.9445622088299
1.683,31.7619269861224,-99.9445622088361
1.684,31.6619824239136,-99.9445622088299
1.685,31.5620378617048,-99.9445622088326
1.686,31.462093299496,-99.9445622088299
1.687,31.3621487372871,-99.9445622088326
1.688,31.2622041750783,-99.9445622088299
1.689,31.1622596128695,-99.9445622088326
1.69,31.0623150506606,-99.9445622088334
1.691,30.9623704884518,-99.9445622088326
1.692,30.862425926243,-99.9445622088299
1.693,30.7624813640341,-99.9445622088326
1.694,30.6625368023421,-99.9445616920735
1.695,30.5625922464635,-99.9445558785682
1.696,30.4626476905849,-99.9445558785691
1.697,30.3627031347064,-99.9445558785682
1.698,30.2627585788278,-99.9445558785656
1.699,30.1628140229492,-99.9445558785469
1.7,30.0628694670707,-99.9445558785904
1.701,29.9629249111921,-99.9445558785469
1.702,29.8629803553135,-99.9445558785869
1.703,29.763035799435,-99.9445558785469
1.704,29.6630912435564,-99.9445558785904
1.705,29.5631466876778,-99.9445558785469
1.706,29.4632021317992,-99.9445558785904
1.707,29.3632575759207,-99.9445558785434
1.708,29.2633130200421,-99.944555878594
1.709,29.1633684641636,-99.9445558785469
1.71,29.063423908285,-99.9445558785833
1.711,28.9634793524064,-99.9445558785469
1.712,28.8635347965278,-99.9445558785904
1.713,28.7635902406493,-99.9445558785469
1.714,28.6636456847707,-99.9445558785904
1.715,28.5637011288921,-99.9445558785469
1.716,28.4637565730136,-99.9445558785904
1.717,28.363812017135,-99.9445558785398
1.718,28.2638674612564,-99.944555878594
1.719,28.1639229053779,-99.9445558785434
1.72,28.0639783494993,-99.9445558785904
1.721,27.9640337936207,-99.9445558785691
1.722,27.8640892377422,-99.9445558785682
1.723,27.7641446818636,-99.9445558785691
1.724,27.664200125985,-99.9445558785682
1.725,27.5642555701065,-99.9445558785656
1.726,27.4643110142279,-99.9445558785682
1.727,27.3643664583493,-99.9445558785691
1.728,27.2644219024708,-99.9445558785682
1.729,27.1644773465922,-99.9445558785656
1.73,27.0645327907136,-99.9445558785682
1.731,26.9645882348351,-99.9445558785691
1.732,26.8646436789565,-99.9445558785682
1.733,26.7646991299381,-99.9445490183501
1.734,26.6647545964696,-99.9445334685229
1.735,26.5648100630011,-99.9445334685237
1.736,26.4648655295326,-99.9445334685229
1.737,26.3649209960641,-99.9445334685166
1.738,26.2649764625955,-99.9445334685264
1.739,26.165031929127,-99.9445334685237
1.74,26.0650873956585,-99.9445334685229
1.741,25.96514286219,-99.9445334685202
1.742,25.8651983287214,-99.9445334685229
1.743,25.7652537952529,-99.9445334685237
1.744,25.6653092617844,-99.9445334685229
1.745,25.5653647283159,-99.9445334685237
1.746,25.4654201948473,-99.9445334685229
1.747,25.3654756613788,-99.9445334685273
1.748,25.2655311279103,-99.9445334685229
1.749,25.1655865944418,-99.9445334685202
1.75,25.0656420609732,-99.9445334685229
1.751,24.9656975275047,-99.9445334685237
1.752,24.8657529940362,-99.9445334685193
1.753,24.7658084605677,-99.9445334685273
1.754,24.6658639270991,-99.9445334685229
1.755,24.5659193936306,-99.9445334685237
1.756,24.4659748601621,-99.9445334685193
1.757,24.3660303266936,-99.9445334685273
1.758,24.2660857932251,-99.9445334685193
1.759,24.1661412597565,-99.9445334685273
1.76,24.066196726288,-99.9445334685193
1.761,23.9662521928195,-99.9445334685237
1.762,23.866307659351,-99.9445334685229
1.763,23.7663631258825,-99.9445334685237
1.764,23.6664185924139,-99.9445334685229
1.765,23.5664740589454,-99.9445334685237
1.766,23.4665295254769,-99.9445334685229
1.767,23.3665849920084,-99.9445334685202
1.768,23.2666404585398,-99.9445334685229
1.769,23.1666959250713,-99.9445334685273
1.77,23.0667513916028,-99.9445334685229
1.771,22.9668068581343,-99.9445334685202
1.772,22.8668623141753,-99.94454395899
1.773,22.7669177609363,-99.9445532390272
1.774,22.6669732076972,-99.9445532390263
1.775,22.5670286544582,-99.9445532390201
1.776,22.4670841012192,-99.9445532390263
1.777,22.3671395479802,-99.9445532390201
1.778,22.2671949947411,-99.9445532390299
1.779,22.1672504415021,-99.9445532390236
1.78,22.0673058882631,-99.9445532390228
1.781,21.9673613350241,-99.9445532390236
1.782,21.867416781785,-99.9445532390228
1.783,21.767472228546,-99.9445532390236
1.784,21.667527675307,-99.9445532390228
1.785,21.567583122068,-99.9445532390236
1.786,21.4676385688289,-99.9445532390228
1.787,21.3676940155899,-99.9445532390236
1.788,21.2677494623509,-99.9445532390228
1.789,21.1678049091119,-99.9445532390272
1.79,21.0678603558728,-99.9445532390228
1.791,20.9679158026338,-99.9445532390272
1.792,20.8679712493948,-99.9445532390015
1.793,20.7680266961558,-99.944553239045
1.794,20.6680821429168,-99.9445532390015
1.795,20.5681375896777,-99.944553239045
1.796,20.4681930364387,-99.9445532390015
1.797,20.3682484831997,-99.944553239045
1.798,20.2683039299607,-99.9445532390015
1.799,20.1683593767216,-99.944553239045
1.8,20.0684148234826,-99.944553239005
1.801,19.9684702702436,-99.944553239045
1.802,19.8685257170046,-99.9445532390015
1.803,19.7685811637655,-99.9445532390485
1.804,19.6686366105265,-99.9445532389979
1.805,19.5686920572875,-99.9445532390485
1.806,19.4687475040485,-99.9445532390015
1.807,19.3688029508094,-99.944553239045
1.808,19.2688583975704,-99.9445532390015
1.809,19.1689138443314,-99.944553239045
1.81,19.0689692910924,-99.944553239005
1.811,18.9692214896539,-99.7478014384757
1.812,18.8695374996102,-99.6839900436508
1.813,18.7698535095666,-99.6839900436978
1.814,18.6701695195229,-99.6839900436543
1.815,18.5704855294792,-99.6839900436978
1.816,18.4708015394355,-99.6839900436543
1.817,18.3711175493919,-99.6839900436978
1.818,18.2714335593482,-99.6839900436543
1.819,18.1717495693045,-99.6839900436978
1.82,18.0720655792608,-99.6839900436508
1.821,17.9723815892172,-99.6839900436978
1.822,17.8726975991735,-99.6839900436543
1.823,17.7730136091298,-99.6839900436978
1.824,17.6733296190861,-99.6839900436543
1.825,17.5736456290425,-99.6839900436978
1.826,17.4739616389988,-99.6839900436543
1.827,17.3742776489551,-99.6839900436978
1.828,17.2745936589114,-99.6839900436508
1.829,17.1749096688678,-99.6839900436978
1.83,17.0752256788241,-99.6839900436543
1.831,16.9755416887804,-99.6839900436978
1.832,16.8758576987367,-99.6839900436508
1.833,16.7761737086931,-99.6839900436978
1.834,16.6764897186494,-99.6839900436543
1.835,16.5768057286057,-99.6839900436978
1.836,16.477121738562,-99.6839900436543
1.837,16.3774377485183,-99.6839900436978
1.838,16.2777537584747,-99.6839900436543
1.839,16.178069768431,-99.6839900436978
1.84,16.0783857783873,-99.6839900436508
1.841,15.9787017883436,-99.6839900436995
1.842,15.8790177983,-99.6839900436525
1.843,15.7793338082563,-99.6839900436978
1.844,15.6796498182126,-99.6839900436525
1.845,15.5799658281689,-99.6839900436978
1.846,15.4802818381253,-99.6839900436543
1.847,15.3805978480816,-99.6839900436978
1.848,15.2809138580379,-99.6839900436764
1.849,15.1812298679942,-99.6839900436738
1.85,15.0812925487727,-99.9373192215213
1.851,14.98134995186,-99.9425969127218
1.852,14.8814073549473,-99.9425969127245
1.853,14.7814647580345,-99.9425969127236
1.854,14.6815221611218,-99.9425969127245
1.855,14.5815795642091,-99.9425969127236
1.856,14.4816369672964,-99.9425969127245
1.857,14.3816943703837,-99.9425969127254
1.858,14.2817517734709,-99.9425969127245
1.859,14.1818091765582,-99.9425969127218
1.86,14.0818665796455,-99.9425969127262
1.861,13.9819239827328,-99.9425969127218
1.862,13.88198138582,-99.9425969127262
1.863,13.7820387889073,-99.9425969127218
1.864,13.6820961919946,-99.9425969127262
1.865,13.5821535950819,-99.9425969127254
1.866,13.4822109981691,-99.9425969127227
1.867,13.3822684012564,-99.9425969127254
1.868,13.2823258043437,-99.9425969127227
1.869,13.182383207431,-99.9425969127236
1.87,13.0824406105182,-99.9425969127245
1.871,12.9824980136055,-99.9425969127236
1.872,12.8825554166928,-99.9425969127245
1.873,12.7826128197801,-99.9425969127236
1.874,12.6826702228674,-99.9425969127245
1.875,12.5827276259546,-99.9425969127254
1.876,12.4827850290419,-99.9425969127227
1.877,12.3828424321292,-99.9425969127236
1.878,12.2828998352165,-99.9425969127245
1.879,12.1829572383037,-99.9425969127236
1.88,12.083014641391,-99.9425969127245
1.881,11.9830720444783,-99.9425969127254
1.882,11.8831294475656,-99.9425969127227
1.883,11.7831868506528,-99.9425969127254
1.884,11.6832442537401,-99.9425969127245
1.885,11.5833016568274,-99.9425969127236
1.886,11.4833590599147,-99.9425969127245
1.887,11.3834164630019,-99.9425969127218
1.888,11.2834735190417,-99.9429439601961
1.889,11.1835292215964,-99.9442974453325
1.89,11.0835849241511,-99.9442974453299
1.891,10.9836406267057,-99.944297445329
1.892,10.8836963292604,-99.9442974453334
1.893,10.7837520318151,-99.9442974453308
1.894,10.6838077343698,-99.9442974453316
1.895,10.5838634369244,-99.9442974453308
1.896,10.4839191394791,-99.9442974453316
1.897,10.3839748420338,-99.944297445329
1.898,10.2840305445884,-99.9442974453316
1.899,10.1840862471431,-99.9442974453308
1.9,10.0841419496978,-99.9442974453316
1.901,9.98419765225243,-99.9442974453308
1.902,9.88425335480711,-99.9442974453316
1.903,9.78430905736176,-99.9442974453308
1.904,9.68436475991644,-99.9442974453334
1.905,9.5844204624711,-99.9442974453308
1.906,9.48447616502578,-99.9442974453299
1.907,9.38453186758044,-99.9442974453308
1.908,9.28458757013512,-99.9442974453299
1.909,9.18464327268978,-99.9442974453325
1.91,9.08469897524446,-99.9442974453316
1.911,8.98475467779911,-99.9442974453308
1.912,8.88481038035379,-99.9442974453299
1.913,8.78486608290845,-99.9442974453325
1.914,8.68492178546313,-99.9442974453316
1.915,8.58497748801779,-99.9442974453308
1.916,8.48503319057247,-99.9442974453299
1.917,8.38508889312713,-99.9442974453308
1.918,8.28514459568181,-99.9442974453316
1.919,8.18520029823649,-99.9442974453094
1.92,8.08525600079114,-99.944297445353
1.921,7.98531170334582,-99.9442974453094
1.922,7.88536740590048,-99.944297445353
1.923,7.78542310845516,-99.9442974453085
1.924,7.68547881100982,-99.9442974453538
1.925,7.5855345135645,-99.9442974453085
1.926,7.48559021611916,-99.944297445353
1.927,7.38565920983614,-99.9310062830089
1.928,7.28574592510283,-99.9132847333199
1.929,7.18583264036954,-99.9132847332746
1.93,7.08591935563623,-99.9132847333199
1.931,6.98600607090295,-99.9132847332746
1.932,6.88609278616964,-99.9132847333207
1.933,6.78617950143635,-99.9132847332746
1.934,6.68626621670304,-99.9132847333199
1.935,6.58635293196976,-99.9132847332746
1.936,6.48643964723645,-99.9132847333199
1.937,6.38652636250316,-99.9132847332746
1.938,6.28661307776985,-99.9132847333199
1.939,6.18669979303657,-99.9132847332746
1.94,6.08678650830326,-99.9132847333207
1.941,5.98687322356997,-99.9132847332755
1.942,5.88695993883666,-99.913284733319
1.943,5.78704665410338,-99.9132847332746
1.944,5.68713336937007,-99.9132847333199
1.945,5.58722008463678,-99.9132847332755
1.946,5.48730679990347,-99.9132847333199
1.947,5.38739351517019,-99.9132847332746
1.948,5.28748023043688,-99.9132847333199
1.949,5.18756694570359,-99.9132847332746
1.95,5.08765366097028,-99.9132847333207
1.951,4.987740376237,-99.9132847332746
1.952,4.88782709150369,-99.9132847333199
1.953,4.7879138067704,-99.9132847332746
1.954,4.6880005220371,-99.9132847333199
1.955,4.58808723730381,-99.9132847332755
1.956,4.4881739525705,-99.913284733319
1.957,4.38826066783721,-99.9132847332755
1.958,4.2883473831039,-99.9132847333199
1.959,4.18843409837062,-99.9132847332746
1.96,4.08852081363731,-99.9132847333199
1.961,3.98860752890402,-99.9132847332755
1.962,3.88869424417072,-99.913284733319
1.963,3.78878095943743,-99.9132847332755
1.964,3.68886767470412,-99.9132847333199
1.965,3.58895438997083,-99.913284733275
1.966,3.49964253712397,-89.3118528468709
1.967,3.41596269496681,-83.6798421571538
1.968,3.33228285280963,-83.679842157191
1.969,3.24860301065246,-83.6798421571543
1.97,3.16492316849528,-83.679842157191
1.971,3.08124332633812,-83.6798421571538
1.972,2.99756348418094,-83.6798421571906
1.973,2.91388364202377,-83.6798421571547
1.974,2.83020379986659,-83.6798421571906
1.975,2.74652395770943,-83.6798421571538
1.976,2.66284411555225,-83.679842157191
1.977,2.57916427339508,-83.6798421571724
1.978,2.4954844312379,-83.6798421571729
1.979,2.41180458908074,-83.6798421571724
1.98,2.32812474692356,-83.6798421571725
1.981,2.24444490476639,-83.6798421571719
1.982,2.16076506260921,-83.6798421571734
1.983,2.07708522045205,-83.6798421571719
1.984,1.99340537829487,-83.6798421571727
1.985,1.9097255361377,-83.6798421571726
1.986,1.82604569398052,-83.6798421571727
1.987,1.74236585182336,-83.6798421571724
1.988,1.65868600966618,-83.6798421571727
1.989,1.57500616750901,-83.6798421571726
1.99,1.49132632535183,-83.679842157172
1.991,1.40764648319467,-83.6798421571731
1.992,1.32396664103749,-83.679842157172
1.993,1.24028679888032,-83.6798421571726
1.994,1.15660695672314,-83.6798421571727
1.995,1.07292711456598,-83.6798421571724
1.996,0.989247272408796,-83.6798421571726
1.997,0.905567430251632,-83.6798421571725
1.998,0.82188758809445,-83.6798421571727
1.999,0.738207745937287,-83.6798421571724
2,0.654527903780106,-83.6798421571722
2.001,0.570848061622942,-83.6798421571726
2.002,0.48716821946576,-83.6798421571912
2.003,0.403488377308597,-83.6798421571353
2.004,0.319808535151415,-83.6798421571912
2.005,0.298617273436667,-21.1912617147498
2.006,0.286145348527824,-12.471924908839
2.007,0.273673423618984,-12.4719249088418
2.008,0.261201498710141,-12.4719249088446
2.009,0.2487295738013,-12.4719249088418
2.01,0.236257648892457,-12.4719249088446
2.011,0.223785723983616,-12.4719249088363
2.012,0.211313799074773,-12.4719249088446
2.013,0.198841874165933,-12.4719249088418
2.014,0.186369949257089,-12.4719249088391
2.015,0.173898024348249,-12.4719249088418
2.016,0.161426099439406,-12.4719249088446
2.017,0.148954174530565,-12.4719249088418
2.018,0.136482249621722,-12.4719249088446
2.019,0.124010324712882,-12.4719249088363
2.02,0.111538399804038,-12.4719249088446
2.021,0.099066474895198,-12.4719249088419
2.022,0.0865945499863547,-12.4719249088391
2.023,0.0741226250775143,-12.4719249088418
2.024,0.0616507001686711,-12.4719249088446
2.025,0.0491787752598307,-12.4719249088418
2.026,0.0367068503509874,-12.4719249088446
2.027,0.0242349254421469,-12.4719249088363
2.028,0.0117630005333037,-12.4719249088446
2.029,-0.000708924375536699,-12.4719249088418
2.03,-0.0131808492843799,-12.4719249088391
2.031,-0.0256527741932204,-12.4719249088418
2.032,-0.0381246991020636,-12.4719249088446
2.033,-0.0505966240109041,-12.4719249088418
2.034,-0.0630685489197473,-12.4719249088446
2.035,-0.0755404738285878,-12.4719249088363
2.036,-0.088012398737431,-12.4719249088446
2.037,-0.100484323646271,-12.4719249088418
2.038,-0.112956248555115,-12.471924908839
2.039,-0.125428173463955,-12.4719249088418
2.04,-0.137900098372798,-12.4719249088446
2.041,-0.150372023281639,-12.4719249088419
2.042,-0.162843948190482,-12.4719249088446
2.043,-0.173037469890983,-10.1935217004979
2.044,-0.163181043358064,9.85642653292016
2.045,-0.153324616825147,9.85642653291805
2.046,-0.14346819029223,9.85642653291802
2.047,-0.133611763759311,9.85642653292016
2.048,-0.123755337226394,9.85642653291364
2.049,-0.113898910693475,9.85642653292019
2.05,-0.104042484160558,9.85642653291799
2.051,-0.0941860576276392,9.85642653291585
2.052,-0.0843296310947223,9.85642653291799
2.053,-0.0744732045618031,9.85642653292023
2.054,-0.0646167780288862,9.85642653291796
2.055,-0.0547603514959671,9.85642653292023
2.056,-0.0449039249630502,9.85642653291361
2.057,-0.0350474984301311,9.8564265329202
2.058,-0.0251910718972142,9.85642653291799
2.059,-0.015334645364295,9.85642653291583
2.06,-0.00547821883137813,9.85642653291801
2.061,0.00437820770154096,9.85642653292017
2.062,0.0142346342344579,9.85642653291803
2.063,0.024091060767377,9.85642653292017
2.064,0.033947487300294,9.85642653291367
2.065,0.043803913833213,9.85642653292016
2.066,0.0536603403661299,9.85642653291801
2.067,0.0635167668990491,9.85642653291583
2.068,0.073373193431966,9.85642653291801
2.069,0.0832296199648851,9.85642653292019
2.07,0.093086046497802,9.85642653291803
2.071,0.102942473030721,9.8564265329202
2.072,0.112798899563638,9.85642653291361
2.073,0.122655326096557,9.85642653292019
2.074,0.132511752629474,9.85642653291799
2.075,0.142368179162393,9.85642653291583
2.076,0.15222460569531,9.85642653291799
2.077,0.162081032228229,9.85642653292021
2.078,0.171937458761146,9.85642653291802
2.079,0.181793885294065,9.85642653292019
2.08,0.191650311826982,9.85642653291361
2.081,0.201506738359901,9.85642653292019
2.082,0.207368449821954,5.86171146205356
2.083,0.204991061450349,-2.37738837160407
2.084,0.202613673078745,-2.37738837160457
2.085,0.20023628470714,-2.37738837160513
2.086,0.197858896335536,-2.3773883716046
2.087,0.195481507963931,-2.37738837160513
2.088,0.193104119592327,-2.37738837160352
2.089,0.190726731220722,-2.37738837160516
2.09,0.188349342849117,-2.37738837160457
2.091,0.185971954477513,-2.37738837160407
2.092,0.183594566105908,-2.37738837160457
2.093,0.181217177734303,-2.37738837160513
2.094,0.178839789362699,-2.3773883716046
2.095,0.176462400991094,-2.37738837160513
2.096,0.17408501261949,-2.37738837160352
2.097,0.171707624247885,-2.37738837160513
2.098,0.169330235876281,-2.3773883716046
2.099,0.166952847504676,-2.37738837160407
2.1,0.164575459133071,-2.37738837160457
2.101,0.162198070761467,-2.3773883716051
2.102,0.159820682389862,-2.3773883716046
2.103,0.157443294018257,-2.37738837160513
2.104,0.155065905646653,-2.37738837160352
2.105,0.152688517275048,-2.37738837160516
2.106,0.150311128903444,-2.37738837160457
2.107,0.147933740531839,-2.37738837160407
2.108,0.145556352160235,-2.3773883716046
2.109,0.14317896378863,-2.3773883716051
2.11,0.140801575417026,-2.3773883716046
2.111,0.138424187045421,-2.3773883716051
2.112,0.136046798673816,-2.37738837160354
2.113,0.133669410302211,-2.37738837160513
2.114,0.131292021930607,-2.3773883716046
2.115,0.128914633559002,-2.37738837160404
2.116,0.126537245187398,-2.3773883716046
2.117,0.124159856815793,-2.37738837160511
2.118,0.121782468444189,-2.37738837160459
2.119,0.119405080072584,-2.37738837160513
2.12,0.11702769170098,-2.37738837160353
2.121,0.114672387585196,-2.35530411578363
2.122,0.112335078048231,-2.33730953696563
2.123,0.109997768511265,-2.33730953696508
2.124,0.1076604589743,-2.3373095369656
2.125,0.105323149437334,-2.33730953696613
2.126,0.102985839900368,-2.3373095369656
2.127,0.100648530363403,-2.33730953696613
2.128,0.0983112208264372,-2.33730953696458
2.129,0.0959739112894714,-2.33730953696613
2.13,0.093636601752506,-2.3373095369656
2.131,0.0912992922155401,-2.33730953696509
2.132,0.0889619826785748,-2.33730953696559
2.133,0.0866246731416089,-2.33730953696613
2.134,0.0842873636046436,-2.33730953696561
2.135,0.0819500540676777,-2.33730953696611
2.136,0.0796127445307124,-2.33730953696458
2.137,0.0772754349937465,-2.33730953696613
2.138,0.0749381254567812,-2.3373095369656
2.139,0.0726008159198153,-2.33730953696508
2.14,0.0702635063828499,-2.33730953696563
2.141,0.0679261968458841,-2.33730953696611
2.142,0.0655888873089187,-2.3373095369656
2.143,0.0632515777719529,-2.33730953696613
2.144,0.0609142682349875,-2.33730953696456
2.145,0.0585769586980216,-2.33730953696614
2.146,0.0562396491610563,-2.33730953696559
2.147,0.0539023396240904,-2.3373095369651
2.148,0.0515650300871251,-2.3373095369656
2.149,0.0492277205501592,-2.33730953696611
2.15,0.0468904110131939,-2.33730953696561
2.151,0.044553101476228,-2.33730953696612
2.152,0.0422157919392627,-2.33730953696457
2.153,0.0398784824022968,-2.33730953696613
2.154,0.0375411728653314,-2.3373095369656
2.155,0.0352038633283656,-2.33730953696509
2.156,0.0328665537914002,-2.33730953696561
2.157,0.0305292442544344,-2.33730953696612
2.158,0.028191934717469,-2.33730953696561
2.159,0.0258546251805031,-2.33730953696612
2.16,0.0248233245787612,-1.03130060174155
2.161,0.0241700791951096,-0.653245383651759
2.162,0.023516833811458,-0.65324538365161
2.163,0.0228635884278063,-0.653245383651469
2.164,0.0222103430441548,-0.65324538365161
2.165,0.0215570976605031,-0.653245383651756
2.166,0.0209038522768516,-0.653245383651613
2.167,0.0202506068931999,-0.653245383651756
2.168,0.0195973615095484,-0.65324538365132
2.169,0.0189441161258967,-0.653245383651756
2.17,0.0182908707422451,-0.653245383651613
2.171,0.0176376253585934,-0.653245383651756
2.172,0.0169843799749419,-0.65324538365161
2.173,0.0163311345912902,-0.653245383651465
2.174,0.0156778892076387,-0.65324538365161
2.175,0.0150246438239871,-0.653245383651613
2.176,0.0143713984403355,-0.653245383651467
2.177,0.0137181530566839,-0.653245383651613
2.178,0.0130649076730322,-0.653245383651756
2.179,0.0124116622893807,-0.65324538365161
2.18,0.011758416905729,-0.653245383651756
2.181,0.0111051715220775,-0.65324538365132
2.182,0.0104519261384258,-0.653245383651757
2.183,0.00979868075477425,-0.653245383651613
2.184,0.00914543537112256,-0.653245383651465
2.185,0.00849218998747103,-0.65324538365161
2.186,0.00783894460381934,-0.653245383651756
2.187,0.0071856992201678,-0.653245383651613
2.188,0.00653245383651612,-0.653245383651756
2.189,0.00587920845286458,-0.65324538365132
2.19,0.00522596306921289,-0.653245383651756
2.191,0.00457271768556135,-0.653245383651612
2.192,0.00391947230190967,-0.653245383651466
2.193,0.00326622691825813,-0.65324538365161
2.194,0.00261298153460645,-0.653245383651756
2.195,0.00195973615095491,-0.653245383651613
2.196,0.00130649076730322,-0.653245383651756
2.197,0.000653245383651684,-0.65324538365132
2.198,0,-0.653245383651756
2.199,-0,-0
2.2,-0,0
2.201,-0,0
2.202,-0,0
2.203,-0,0
2.204,-0,0
2.205,-0,0
2.206,-0,0
2.207,-0,0
2.208,-0,0
2.209,-0,0
2.21,-0,0
2.211,-0,0
2.212,-0,0
2.213,-0,0
2.214,-0,0
2.215,-0,0
2.216,-0,0
2.217,-0,0
2.218,-0,0
2.219,-0,0
2.22,-0,0
2.221,-0,0
2.222,-0,0
2.223,-0,0
2.224,-0,0
2.225,-0,0
2.226,-0,0
2.227,-0,0
2.228,-0,0
2.229,-0,0
2.23,-0,0
2.231,-0,0
2.232,-0,0
2.233,-0,0
2.234,-0,0
2.235,-0,0
2.236,-0,0
2.237,-0,0
2.238,-0,0
2.239,-0,0
2.24,-0,0
2.241,-0,0
2.242,-0,0
2.243,-0,0
2.244,-0,0
2.245,-0,0
2.246,-0,0
2.247,-0,0
2.248,-0,0
2.249,-0,0
2.25,-0,0
2.251,-0,0
2.252,-0,0
2.253,-0,0
2.254,-0,0
2.255,-0,0
2.256,-0,0
2.257,-0,0
2.258,-0,0
2.259,-0,0
2.26,-0,0
2.261,-0,0
2.262,-0,0
2.263,-0,0
2.264,-0,0
2.265,-0,0
2.266,-0,0
2.267,-0,0
2.268,-0,0
2.269,-0,0
2.27,-0,0
2.271,-0,0
2.272,-0,0
2.273,-0,0
2.274,-0,0
2.275,-0,0
2.276,-0,0
2.277,-0,0
2.278,-0,0
2.279,-0,0
2.28,-0,0
2.281,-0,0
2.282,-0,0
2.283,-0,0
2.284,-0,0
2.285,-0,0
2.286,-0,0
2.287,-0,0
2.288,-0,0
2.289,-0,0
2.29,-0,0
2.291,-0,0
2.292,-0,0
2.293,-0,0
2.294,-0,0
2.295,-0,0
2.296,-0,0
2.297,-0,0
2.298,-0,0
2.299,-0,0
2.3,-0,0
2.301,-0,0
2.302,-0,0
2.303,-0,0
2.304,-0,0
2.305,-0,0
2.306,-0,0
2.307,-0,0
2.308,-0,0
2.309,-0,0
2.31,-0,0
2.311,-0,0
2.312,-0,0
2.313,-0,0
2.314,-0,0
2.315,-0,0
2.316,-0,0
2.317,-0,0
2.318,-0,0
2.319,-0,0
2.32,-0,0
2.321,-0,0
2.322,-0,0
2.323,-0,0
2.324,-0,0
2.325,-0,0
2.326,-0,0
2.327,-0,0
2.328,-0,0
2.329,-0,0
2.33,-0,0
2.331,-0,0
2.332,-0,0
2.333,-0,0
2.334,-0,0
2.335,-0,0
2.336,-0,0
2.337,-0,0
2.338,-0,0
2.339,-0,0
2.34,-0,0
2.341,-0,0
2.342,-0,0
2.343,-0,0
2.344,-0,0
2.345,-0,0
2.346,-0,0
2.347,-0,0
2.348,-0,0
2.349,-0,0
2.35,-0,0
2.351,-0,0
2.352,-0,0
2.353,-0,0
2.354,-0,0
2.355,-0,0
2.356,-0,0
2.357,-0,0
2.358,-0,0
2.359,-0,0
2.36,-0,0
2.361,-0,0
2.362,-0,0
2.363,-0,0
2.364,-0,0
2.365,-0,0
2.366,-0,0
2.367,-0,0
2.368,-0,0
2.369,-0,0
2.37,-0,0
2.371,-0,0
2.372,-0,0
2.373,-0,0
2.374,-0,0
2.375,-0,0
2.376,-0,0
2.377,-0,0
2.378,-0,0
2.379,-0,0
2.38,-0,0
2.381,-0,0
2.382,-0,0
2.383,-0,0
2.384,-0,0
2.385,-0,0
2.386,-0,0
2.387,-0,0
2.388,-0,0
2.389,-0,0
2.39,-0,0
2.391,-0,0
2.392,-0,0
2.393,-0,0
2.394,-0,0
2.395,-0,0
2.396,-0,0
2.397,-0,0
2.398,-0,0
2.399,-0,0
2.4,-0,0
2.401,-0,0
2.402,-0,0
2.403,-0,0
2.404,-0,0
2.405,-0,0
2.406,-0,0
2.407,-0,0
2.408,-0,0
2.409,-0,0
2.41,-0,0
2.411,-0,0
2.412,-0,0
2.413,-0,0
2.414,-0,0
2.415,-0,0
2.416,-0,0
2.417,-0,0
2.418,-0,0
2.419,-0,0
2.42,-0,0
2.421,-0,0
2.422,-0,0
2.423,-0,0
2.424,-0,0
2.425,-0,0
2.426,-0,0
2.427,-0,0
2.428,-0,0
2.429,-0,0
2.43,-0,0
2.431,-0,0
2.432,-0,0
2.433,-0,0
2.434,-0,0
2.435,-0,0
2.436,-0,0
2.437,-0,0
2.438,-0,0
2.439,-0,0
2.44,-0,0
2.441,-0,0
2.442,-0,0
2.443,-0,0
2.444,-0,0
2.445,-0,0
2.446,-0,0
2.447,-0,0
2.448,-0,0
2.449,-0,0
2.45,-0,0
2.451,-0,0
2.452,-0,0
2.453,-0,0
2.454,-0,0
2.455,-0,0
2.456,-0,0
2.457,-0,0
2.458,-0,0
2.459,-0,0
2.46,-0,0
2.461,-0,0
2.462,-0,0
2.463,-0,0
2.464,-0,0
2.465,-0,0
2.466,-0,0
2.467,-0,0
2.468,-0,0
2.469,-0,0
2.47,-0,0
2.471,-0,0
2.472,-0,0
2.473,-0,0
2.474,-0,0
2.475,-0,0
2.476,-0,0
2.477,-0,0
2.478,-0,0
2.479,-0,0
2.48,-0,0
2.481,-0,0
2.482,-0,0
2.483,-0,0
2.484,-0,0
2.485,-0,0
2.486,-0,0
2.487,-0,0
2.488,-0,0
2.489,-0,0
2.49,-0,0
2.491,-0,0
2.492,-0,0
2.493,-0,0
2.494,-0,0
2.495,-0,0
2.496,-0,0
2.497,-0,0
2.498,-0,0
2.499,-0,0
2.5,-0,0
2.501,-0,0
2.502,-0,0
2.503,-0,0
2.504,-0,0
2.505,-0,0
2.506,-0,0
2.507,-0,0
2.508,-0,0
2.509,-0,0
2.51,-0,0
2.511,-0,0
2.512,-0,0
2.513,-0,0
2.514,-0,0
2.515,-0,0
2.516,-0,0
2.517,-0,0
2.518,-0,0
2.519,-0,0
2.52,-0,0
2.521,-0,0
2.522,-0,0
2.523,-0,0
2.524,-0,0
2.525,-0,0
2.526,-0,0
2.527,-0,0
2.528,-0,0
2.529,-0,0
2.53,-0,0
2.531,-0,0
2.532,-0,0
2.533,-0,0
2.534,-0,0
2.535,-0,0
2.536,-0,0
2.537,-0,0
2.538,-0,0
2.539,-0,0
2.54,-0,0
2.541,-0,0
2.542,-0,0
2.543,-0,0
2.544,-0,0
2.545,-0,0
2.546,-0,0
2.547,-0,0
2.548,-0,0
2.549,-0,0
2.55,-0,0
2.551,-0,0
2.552,-0,0
2.553,-0,0
2.554,-0,0
2.555,-0,0
2.556,-0,0
2.557,-0,0
2.558,-0,0
2.559,-0,0
2.56,-0,0
2.561,-0,0
2.562,-0,0
2.563,-0,0
2.564,-0,0
2.565,-0,0
2.566,-0,0
2.567,-0,0
2.568,-0,0
2.569,-0,0
2.57,-0,0
2.571,-0,0
2.572,-0,0
2.573,-0,0
2.574,-0,0
2.575,-0,0
2.576,-0,0
2.577,-0,0
2.578,-0,0
2.579,-0,0
2.58,-0,0
2.581,-0,0
2.582,-0,0
2.583,-0,0
2.584,-0,0
2.585,-0,0
2.586,-0,0
2.587,-0,0
2.588,-0,0
2.589,-0,0
2.59,-0,0
2.591,-0,0
2.592,-0,0
2.593,-0,0
2.594,-0,0
2.595,-0,0
2.596,-0,0
2.597,-0,0
2.598,-0,0
2.599,-0,0
2.6,-0,0
2.601,-0,0
2.602,-0,0
2.603,-0,0
2.604,-0,0
2.605,-0,0
2.606,-0,0
2.607,-0,0
2.608,-0,0
2.609,-0,0
2.61,-0,0
2.611,-0,0
2.612,-0,0
2.613,-0,0
2.614,-0,0
2.615,-0,0
2.616,-0,0
2.617,-0,0
2.618,-0,0
2.619,-0,0
2.62,-0,0
2.621,-0,0
2.622,-0,0
2.623,-0,0
2.624,-0,0
2.625,-0,0
2.626,-0,0
2.627,-0,0
2.628,-0,0
2.629,-0,0
2.63,-0,0
2.631,-0,0
2.632,-0,0
2.633,-0,0
2.634,-0,0
2.635,-0,0
2.636,-0,0
2.637,-0,0
2.638,-0,0
2.639,-0,0
2.64,-0,0
2.641,-0,0
2.642,-0,0
2.643,-0,0
2.644,-0,0
2.645,-0,0
2.646,-0,0
2.647,-0,0
2.648,-0,0
2.649,-0,0
2.65,-0,0
2.651,-0,0
2.652,-0,0
2.653,-0,0
2.654,-0,0
2.655,-0,0
2.656,-0,0
2.657,-0,0
2.658,-0,0
2.659,-0,0
2.66,-0,0
2.661,-0,0
2.662,-0,0
2.663,-0,0
2.664,-0,0
2.665,-0,0
2.666,-0,0
2.667,-0,0
2.668,-0,0
2.669,-0,0
2.67,-0,0
2.671,-0,0
2.672,-0,0
2.673,-0,0
2.674,-0,0
2.675,-0,0
2.676,-0,0
2.677,-0,0
2.678,-0,0
2.679,-0,0
2.68,-0,0
2.681,-0,0
2.682,-0,0
2.683,-0,0
2.684,-0,0
2.685,-0,0
2.686,-0,0
2.687,-0,0
2.688,-0,0
2.689,-0,0
2.69,-0,0
2.691,-0,0
2.692,-0,0
2.693,-0,0
2.694,-0,0
2.695,-0,0
2.696,-0,0
2.697,-0,0
2.698,-0,0
2.699,-0,0
2.7,-0,0
2.701,-0,0
2.702,-0,0
2.703,-0,0
2.704,-0,0
2.705,-0,0
2.706,-0,0
2.707,-0,0
2.708,-0,0
2.709,-0,0
2.71,-0,0
2.711,-0,0
2.712,-0,0
2.713,-0,0
2.714,-0,0
2.715,-0,0
2.716,-0,0
2.717,-0,0
2.718,-0,0
2.719,-0,0
2.72,-0,0
2.721,-0,0
2.722,-0,0
2.723,-0,0
2.724,-0,0
2.725,-0,0
2.726,-0,0
2.727,-0,0
2.728,-0,0
2.729,-0,0
2.73,-0,0
2.731,-0,0
2.732,-0,0
2.733,-0,0
2.734,-0,0
2.735,-0,0
2.736,-0,0
2.737,-0,0
2.738,-0,0
2.739,-0,0
2.74,-0,0
2.741,-0,0
2.742,-0,0
2.743,-0,0
2.744,-0,0
2.745,-0,0
2.746,-0,0
2.747,-0,0
2.748,-0,0
2.749,-0,0
2.75,-0,0
2.751,-0,0
2.752,-0,0
2.753,-0,0
2.754,-0,0
2.755,-0,0
2.756,-0,0
2.757,-0,0
2.758,-0,0
2.759,-0,0
2.76,-0,0
2.761,-0,0
2.762,-0,0
2.763,-0,0
2.764,-0,0
2.765,-0,0
2.766,-0,0
2.767,-0,0
2.768,-0,0
2.769,-0,0
2.77,-0,0
2.771,-0,0
2.772,-0,0
2.773,-0,0
2.774,-0,0
2.775,-0,0
2.776,-0,0
2.777,-0,0
2.778,-0,0
2.779,-0,0
2.78,-0,0
2.781,-0,0
2.782,-0,0
2.783,-0,0
2.784,-0,0
2.785,-0,0
2.786,-0,0
2.787,-0,0
2.788,-0,0
2.789,-0,0
2.79,-0,0
2.791,-0,0
2.792,-0,0
2.793,-0,0
2.794,-0,0
2.795,-0,0
2.796,-0,0
2.797,-0,0
2.798,-0,0
2.799,-0,0
2.8,-0,0
2.801,-0,0
2.802,-0,0
2.803,-0,0
2.804,-0,0
2.805,-0,0
2.806,-0,0
2.807,-0,0
2.808,-0,0
2.809,-0,0
2.81,-0,0
2.811,-0,0
2.812,-0,0
2.813,-0,0
2.814,-0,0
2.815,-0,0
2.816,-0,0
2.817,-0,0
2.818,-0,0
2.819,-0,0
2.82,-0,0
2.821,-0,0
2.822,-0,0
2.823,-0,0
2.824,-0,0
2.825,-0,0
2.826,-0,0
2.827,-0,0
2.828,-0,0
2.829,-0,0
2.83,-0,0
2.831,-0,0
2.832,-0,0
2.833,-0,0
2.834,-0,0
2.835,-0,0
2.836,-0,0
2.837,-0,0
2.838,-0,0
2.839,-0,0
2.84,-0,0
2.841,-0,0
2.842,-0,0
2.843,-0,0
2.844,-0,0
2.845,-0,0
2.846,-0,0
2.847,-0,0
2.848,-0,0
2.849,-0,0
2.85,-0,0
2.851,-0,0
2.852,-0,0
2.853,-0,0
2.854,-0,0
2.855,-0,0
2.856,-0,0
2.857,-0,0
2.858,-0,0
2.859,-0,0
2.86,-0,0
2.861,-0,0
2.862,-0,0
2.863,-0,0
2.864,-0,0
2.865,-0,0
2.866,-0,0
2.867,-0,0
2.868,-0,0
2.869,-0,0
2.87,-0,0
2.871,-0,0
2.872,-0,0
2.873,-0,0
2.874,-0,0
2.875,-0,0
2.876,-0,0
2.877,-0,0
2.878,-0,0
2.879,-0,0
2.88,-0,0
2.881,-0,0
2.882,-0,0
2.883,-0,0
2.884,-0,0
2.885,-0,0
2.886,-0,0
2.887,-0,0
2.888,-0,0
2.889,-0,0
2.89,-0,0
2.891,-0,0
2.892,-0,0
2.893,-0,0
2.894,-0,0
2.895,-0,0
2.896,-0,0
2.897,-0,0
2.898,-0,0
2.899,-0,0
2.9,-0,0
2.901,-0,0
2.902,-0,0
2.903,-0,0
2.904,-0,0
2.905,-0,0
2.906,-0,0
2.907,-0,0
2.908,-0,0
2.909,-0,0
2.91,-0,0
2.911,-0,0
2.912,-0,0
2.913,-0,0
2.914,-0,0
2.915,-0,0
2.916,-0,0
2.917,-0,0
2.918,-0,0
2.919,-0,0
2.92,-0,0
2.921,-0,0
2.922,-0,0
2.923,-0,0
2.924,-0,0
2.925,-0,0
2.926,-0,0
2.927,-0,0
2.928,-0,0
2.929,-0,0
2.93,-0,0
2.931,-0,0
2.932,-0,0
2.933,-0,0
2.934,-0,0
2.935,-0,0
2.936,-0,0
2.937,-0,0
2.938,-0,0
2.939,-0,0
2.94,-0,0
2.941,-0,0
2.942,-0,0
2.943,-0,0
2.944,-0,0
2.945,-0,0
2.946,-0,0
2.947,-0,0
2.948,-0,0
2.949,-0,0
2.95,-0,0
2.951,-0,0
2.952,-0,0
2.953,-0,0
2.954,-0,0
2.955,-0,0
2.956,-0,0
2.957,-0,0
2.958,-0,0
2.959,-0,0
2.96,-0,0
2.961,-0,0
2.962,-0,0
2.963,-0,0
2.964,-0,0
2.965,-0,0
2.966,-0,0
2.967,-0,0
2.968,-0,0
2.969,-0,0
2.97,-0,0
2.971,-0,0
2.972,-0,0
2.973,-0,0
2.974,-0,0
2.975,-0,0
2.976,-0,0
2.977,-0,0
2.978,-0,0
2.979,-0,0
2.98,-0,0
2.981,-0,0
2.982,-0,0
2.983,-0,0
2.984,-0,0
2.985,-0,0
2.986,-0,0
2.987,-0,0
2.988,-0,0
2.989,-0,0
2.99,-0,0
2.991,-0,0
2.992,-0,0
2.993,-0,0
2.994,-0,0
2.995,-0,0
2.996,-0,0
2.997,-0,0
2.998,-0,0
2.999,-0,0
3,-0,0
